Action,Time,ISIN,Ticker,Name,Notes,ID,No. of shares,Price / share,Currency (Price / share),Exchange rate,Result,Currency (Result),Total,Currency (Total),Withholding tax,Currency (Withholding tax),Currency conversion from amount,Currency (Currency conversion from amount),Currency conversion to amount,Currency (Currency conversion to amount),Currency conversion fee,Currency (Currency conversion fee)
Interest on cash,2024-11-04 02:01:38.382,,,,"Interest on cash",9733fc34-afcb-4553-b342-1e38c1b40727,,,,,,,0.14,"USD",,,,,,,,
Lending interest,2024-11-04 02:12:56.398,,,,"Share lending interest",b957beca-9933-409c-a666-76b1e7ab0a38,,,,,,,0.65,"EUR",,,,,,,,
Market buy,2024-11-04 11:51:42.103,AU0000288284,VSTE,"Vast Solar",,EOF23001502878,5.0000000000,9.36,USD,1.00000,,"USD",46.80,"USD",,,,,,,,
Limit buy,2024-11-04 12:54:59.469,AU0000288284,VSTE,"Vast Solar",,EOF23001507023,5.0000000000,7.08,USD,1.00000,,"USD",35.40,"USD",,,,,,,,
Market buy,2024-11-04 13:25:25.894,AU0000288284,VSTE,"Vast Solar",,EOF23001509513,5.0000000000,7.44,USD,1.00000,,"USD",37.20,"USD",,,,,,,,
Market buy,2024-11-04 14:24:04.272,US00788A2042,ADN,"Advent Technologies",,EOF23001513610,35.0000000000,4.07,USD,1.00000,,"USD",142.45,"USD",,,,,,,,
Limit buy,2024-11-04 14:30:42.391,US67113Y6032,NUWE,"Nuwellis",,EOF23001535023,22.0000000000,2.15,USD,1.00000,,"USD",47.30,"USD",,,,,,,,
Limit sell,2024-11-04 14:35:08.071,US67113Y6032,NUWE,"Nuwellis",,EOF23001539477,22.0000000000,2.49,USD,1.00000,7.48,"USD",54.78,"USD",,,,,,,,
Market buy,2024-11-04 14:49:26.119,US4579852082,IART,"Integra LifeSciences",,EOF23003615866,2.0000000000,23.35,USD,1.00000,,"USD",46.70,"USD",,,,,,,,
Limit buy,2024-11-04 14:57:42.851,AU0000288284,VSTE,"Vast Solar",,EOF23003618863,5.0000000000,6.29,USD,1.00000,,"USD",31.45,"USD",,,,,,,,
Market buy,2024-11-04 15:07:46.632,US67113Y6032,NUWE,"Nuwellis",,EOF23003621607,10.0000000000,2.90,USD,1.00000,,"USD",29.00,"USD",,,,,,,,
Market buy,2024-11-04 15:11:03.671,US67113Y6032,NUWE,"Nuwellis",,EOF23003622345,10.0000000000,3.01,USD,1.00000,,"USD",30.10,"USD",,,,,,,,
Market sell,2024-11-04 15:28:59.267,US4579852082,IART,"Integra LifeSciences",,EOF23003625798,2.0000000000,24.16,USD,1.00000,1.62,"USD",48.32,"USD",,,,,,,,
Limit buy,2024-11-04 16:44:44.681,US00788A2042,ADN,"Advent Technologies",,EOF23003636144,35.0000000000,2.95,USD,1.00000,,"USD",103.25,"USD",,,,,,,,
Limit buy,2024-11-04 17:54:25.123,US67113Y6032,NUWE,"Nuwellis",,EOF23003644998,16.0000000000,2.55,USD,1.00000,,"USD",40.80,"USD",,,,,,,,
Market buy,2024-11-04 19:07:03.664,US67113Y6032,NUWE,"Nuwellis",,EOF23005851475,20.0000000000,2.88,USD,1.00000,,"USD",57.60,"USD",,,,,,,,
Interest on cash,2024-11-05 02:01:33.545,,,,"Interest on cash",da12765c-1542-41f0-bd03-cca56d8fe5c5,,,,,,,0.08,"USD",,,,,,,,
Lending interest,2024-11-05 02:09:39.012,,,,"Share lending interest",ab52ef3f-5137-4e20-8bf2-afb63d0ab630,,,,,,,0.33,"EUR",,,,,,,,
Limit buy,2024-11-05 10:19:36.835,AU0000288284,VSTE,"Vast Solar",,EOF23005889750,10.0000000000,5.43,USD,1.00000,,"USD",54.30,"USD",,,,,,,,
Market buy,2024-11-05 12:59:30.157,US98987D3008,ZVSA,"ZyVersa Therapeutics",,EOF23005897851,30.0000000000,2.66,USD,1.00000,,"USD",79.80,"USD",,,,,,,,
Market buy,2024-11-05 13:34:06.91,US00853E4044,AGFY,"Agrify",,EOF23050050172,10.0000000000,4.50,USD,1.00000,,"USD",45.00,"USD",,,,,,,,
Market sell,2024-11-05 13:52:28.583,US00853E4044,AGFY,"Agrify",,EOF23050051888,5.0000000000,5.56,USD,1.00000,5.30,"USD",27.80,"USD",,,,,,,,
Market sell,2024-11-05 13:53:29.374,US00853E4044,AGFY,"Agrify",,EOF23050051955,3.0000000000,6.44,USD,1.00000,5.82,"USD",19.32,"USD",,,,,,,,
Market sell,2024-11-05 13:54:06.698,US00853E4044,AGFY,"Agrify",,EOF23050052014,2.0000000000,6.52,USD,1.00000,4.04,"USD",13.04,"USD",,,,,,,,
Market sell,2024-11-05 14:03:12.04,US98987D3008,ZVSA,"ZyVersa Therapeutics",,EOF23050052779,10.0000000000,2.91,USD,1.00000,2.50,"USD",29.10,"USD",,,,,,,,
Market sell,2024-11-05 14:04:31.552,US98987D3008,ZVSA,"ZyVersa Therapeutics",,EOF23050052977,15.0000000000,3.27,USD,1.00000,9.15,"USD",49.05,"USD",,,,,,,,
Market sell,2024-11-05 14:05:17.785,US98987D3008,ZVSA,"ZyVersa Therapeutics",,EOF23050053062,5.0000000000,3.06,USD,1.00000,2.00,"USD",15.30,"USD",,,,,,,,
Limit buy,2024-11-05 14:33:29.651,US67113Y6032,NUWE,"Nuwellis",,EOF23050067881,19.0000000000,1.90,USD,1.00000,,"USD",36.10,"USD",,,,,,,,
Market buy,2024-11-05 14:46:06.495,US98987D3008,ZVSA,"ZyVersa Therapeutics",,EOF23050080358,20.0000000000,3.05,USD,1.00000,,"USD",61.00,"USD",,,,,,,,
Market buy,2024-11-05 15:18:28.741,US92719V1008,VMEO,"Vimeo",,EOF23050091304,5.0000000000,6.99,USD,1.00000,,"USD",34.95,"USD",,,,,,,,
Market sell,2024-11-05 15:26:11.134,US92719V1008,VMEO,"Vimeo",,EOF23050092742,5.0000000000,6.92,USD,1.00000,-0.35,"USD",34.60,"USD",,,,,,,,
Market sell,2024-11-05 15:27:27.64,US00788A2042,ADN,"Advent Technologies",,EOF23050093032,40.0000000000,3.55,USD,1.00000,1.60,"USD",142.00,"USD",,,,,,,,
Market sell,2024-11-05 15:32:10.2,US00788A2042,ADN,"Advent Technologies",,EOF23050093677,30.0000000000,3.63,USD,1.00000,3.60,"USD",108.90,"USD",,,,,,,,
Market buy,2024-11-05 17:06:46.443,US64136E1029,NEUP,"Neuphoria Therapeutics",,EOF23052457400,300.0000000000,0.58,USD,1.00000,,"USD",174.00,"USD",,,,,,,,
Market buy,2024-11-05 17:09:15.139,US64136E1029,NEUP,"Neuphoria Therapeutics",,EOF23052457671,190.0000000000,0.57,USD,1.00000,,"USD",107.96,"USD",,,,,,,,
Market sell,2024-11-05 17:14:50.714,US64136E1029,NEUP,"Neuphoria Therapeutics",,EOF23052458104,360.0000000000,0.51,USD,1.00000,-23.55,"USD",183.60,"USD",,,,,,,,
Market sell,2024-11-05 17:15:28.984,US64136E1029,NEUP,"Neuphoria Therapeutics",,EOF23052458138,130.0000000000,0.52,USD,1.00000,-6.72,"USD",68.09,"USD",,,,,,,,
Market buy,2024-11-05 19:24:55.255,US45784G2003,ZCAR,"Zoomcar Holdings",,EOF23052468867,8.5000000000,14.52,USD,1.00000,,"USD",123.42,"USD",,,,,,,,
Market sell,2024-11-05 19:27:40.742,US45784G2003,ZCAR,"Zoomcar Holdings",,EOF23052469137,8.5000000000,13.70,USD,1.00000,-6.97,"USD",116.45,"USD",,,,,,,,
Market buy,2024-11-05 19:32:54.382,US45784G2003,ZCAR,"Zoomcar Holdings",,EOF23052469634,15.0000000000,14.65,USD,1.00000,,"USD",219.75,"USD",,,,,,,,
Market sell,2024-11-05 19:34:12.281,US45784G2003,ZCAR,"Zoomcar Holdings",,EOF23052469724,10.0000000000,14.92,USD,1.00000,2.70,"USD",149.20,"USD",,,,,,,,
Market sell,2024-11-05 19:35:03.866,US45784G2003,ZCAR,"Zoomcar Holdings",,EOF23052469806,3.9650000000,15.82,USD,1.00000,4.64,"USD",62.73,"USD",,,,,,,,
Market sell,2024-11-05 19:35:04.812,US45784G2003,ZCAR,"Zoomcar Holdings",,EOF23052469808,1.0350000000,15.84,USD,1.00000,1.23,"USD",16.39,"USD",,,,,,,,
Market buy,2024-11-05 19:48:43.493,AU0000288284,VSTE,"Vast Solar",,EOF23052471473,42.0000000000,5.05,USD,1.00000,,"USD",212.10,"USD",,,,,,,,
Market buy,2024-11-05 19:50:10.768,AU0000288284,VSTE,"Vast Solar",,EOF23052471601,8.0000000000,5.09,USD,1.00000,,"USD",40.72,"USD",,,,,,,,
Market sell,2024-11-05 19:55:21.866,AU0000288284,VSTE,"Vast Solar",,EOF23052472585,50.0000000000,5.72,USD,1.00000,-0.23,"USD",286.00,"USD",,,,,,,,
Market buy,2024-11-05 19:57:05.594,AU0000288284,VSTE,"Vast Solar",,EOF23052472847,14.0000000000,6.20,USD,1.00000,,"USD",86.80,"USD",,,,,,,,
Market sell,2024-11-05 20:14:49.604,AU0000288284,VSTE,"Vast Solar",,EOF23052475221,25.0000000000,6.00,USD,1.00000,3.10,"USD",150.00,"USD",,,,,,,,
Market sell,2024-11-05 20:16:30.48,AU0000288284,VSTE,"Vast Solar",,EOF23052475333,19.0000000000,5.81,USD,1.00000,-1.25,"USD",110.39,"USD",,,,,,,,
Market buy,2024-11-05 20:41:35.167,AU0000288284,VSTE,"Vast Solar",,EOF23052477455,12.0000000000,5.80,USD,1.00000,,"USD",69.60,"USD",,,,,,,,
Market buy,2024-11-05 20:44:33.894,US45784G2003,ZCAR,"Zoomcar Holdings",,EOF23052477883,5.0000000000,14.73,USD,1.00000,,"USD",73.65,"USD",,,,,,,,
Market sell,2024-11-05 20:55:09.267,US45784G2003,ZCAR,"Zoomcar Holdings",,EOF23052479066,5.0000000000,13.25,USD,1.00000,-7.40,"USD",66.25,"USD",,,,,,,,
Market buy,2024-11-05 22:06:11.432,KYG0447T1004,ARBB,"ARB IOT Group",,EOF23052482501,200.0000000000,1.24,USD,1.00000,,"USD",248.00,"USD",,,,,,,,
Interest on cash,2024-11-06 02:01:34.559,,,,"Interest on cash",f55f6592-8eb5-4b02-9f22-5abb44490748,,,,,,,0.11,"USD",,,,,,,,
Lending interest,2024-11-06 02:02:16.019,,,,"Share lending interest",7a980ec0-3b34-4c3c-a35a-349ef3154cce,,,,,,,0.38,"EUR",,,,,,,,
Limit buy,2024-11-06 09:05:11.574,US8523876048,STAF,"Staffing 360 Solutions",,EOF23054473241,22.0000000000,2.45,USD,1.00000,,"USD",53.90,"USD",,,,,,,,
Market buy,2024-11-06 09:05:30.155,AU0000288284,VSTE,"Vast Solar",,EOF23054473403,2.0000000000,1.73,USD,1.00000,,"USD",3.46,"USD",,,,,,,,
Market buy,2024-11-06 09:05:30.155,AU0000288284,VSTE,"Vast Solar",,EOF23054473404,10.0000000000,1.73,USD,1.00000,,"USD",17.30,"USD",,,,,,,,
Market buy,2024-11-06 09:05:56.244,AU0000288284,VSTE,"Vast Solar",,EOF23054473524,10.0000000000,1.88,USD,1.00000,,"USD",18.80,"USD",,,,,,,,
Limit sell,2024-11-06 12:27:19.555,AU0000288284,VSTE,"Vast Solar",,EOF23102007371,25.0000000000,3.96,USD,1.00000,18.74,"USD",99.00,"USD",,,,,,,,
Market buy,2024-11-06 13:16:08.246,KYG0447T1004,ARBB,"ARB IOT Group",,EOF23102013476,30.0000000000,0.88,USD,1.00000,,"USD",26.33,"USD",,,,,,,,
Market buy,2024-11-06 13:24:08.079,US3514713052,FOXO,"FOXO Technologies",,EOF23102014323,360.0000000000,0.31,USD,1.00000,,"USD",110.05,"USD",,,,,,,,
Market buy,2024-11-06 13:25:56.308,US3514713052,FOXO,"FOXO Technologies",,EOF23102014479,100.0000000000,0.32,USD,1.00000,,"USD",31.59,"USD",,,,,,,,
Market sell,2024-11-06 13:33:27.717,US3514713052,FOXO,"FOXO Technologies",,EOF23102015292,370.0000000000,0.30,USD,1.00000,-4.74,"USD",109.19,"USD",,,,,,,,
Limit buy,2024-11-06 13:56:20.064,US98987D3008,ZVSA,"ZyVersa Therapeutics",,EOF23102018003,22.0000000000,2.05,USD,1.00000,,"USD",45.10,"USD",,,,,,,,
Limit buy,2024-11-06 13:57:46.938,US98987D3008,ZVSA,"ZyVersa Therapeutics",,EOF23102018193,26.0000000000,1.95,USD,1.00000,,"USD",50.70,"USD",,,,,,,,
Market buy,2024-11-06 14:03:04.209,US98987D3008,ZVSA,"ZyVersa Therapeutics",,EOF23102018938,20.0000000000,1.85,USD,1.00000,,"USD",37.00,"USD",,,,,,,,
Market sell,2024-11-06 14:03:40.374,AU0000288284,VSTE,"Vast Solar",,EOF23102018986,9.0000000000,3.48,USD,1.00000,2.42,"USD",31.32,"USD",,,,,,,,
Market buy,2024-11-06 14:04:27.577,US98987D3008,ZVSA,"ZyVersa Therapeutics",,EOF23102019113,8.0000000000,1.90,USD,1.00000,,"USD",15.20,"USD",,,,,,,,
Limit sell,2024-11-06 14:25:45.103,US8523876048,STAF,"Staffing 360 Solutions",,EOF23102021310,22.0000000000,2.55,USD,1.00000,2.20,"USD",56.10,"USD",,,,,,,,
Market sell,2024-11-06 14:42:16.247,US3514713052,FOXO,"FOXO Technologies",,EOF23104664230,90.0000000000,0.35,USD,1.00000,3.70,"USD",31.41,"USD",,,,,,,,
Market buy,2024-11-06 14:46:42.562,US23285D1090,CTKB,"Cytek Biosciences",,EOF23104667027,14.0000000000,7.13,USD,1.00000,,"USD",99.82,"USD",,,,,,,,
Market buy,2024-11-06 14:57:01.215,US05368X1028,AVDX,"AvidXchange",,EOF23104673931,5.0000000000,9.51,USD,1.00000,,"USD",47.55,"USD",,,,,,,,
Market sell,2024-11-06 15:33:00.882,US05368X1028,AVDX,"AvidXchange",,EOF23104690176,5.0000000000,9.77,USD,1.00000,1.30,"USD",48.85,"USD",,,,,,,,
Market sell,2024-11-06 15:34:33.334,US23285D1090,CTKB,"Cytek Biosciences",,EOF23104690893,14.0000000000,6.87,USD,1.00000,-3.64,"USD",96.18,"USD",,,,,,,,
Market buy,2024-11-06 17:03:32.583,US35834F1049,FREY,"FREYR Battery",,EOF23106866027,110.0000000000,1.59,USD,1.00000,,"USD",174.90,"USD",,,,,,,,
Limit sell,2024-11-06 17:05:18.13,US35834F1049,FREY,"FREYR Battery",,EOF23106866293,110.0000000000,1.64,USD,1.00000,5.50,"USD",180.40,"USD",,,,,,,,
Market buy,2024-11-06 17:08:12.225,US21871N1019,CXW,"CoreCivic",,EOF23106866905,12.0000000000,18.19,USD,1.00000,,"USD",218.28,"USD",,,,,,,,
Market sell,2024-11-06 17:19:43.581,US21871N1019,CXW,"CoreCivic",,EOF23106868537,12.0000000000,18.09,USD,1.00000,-1.20,"USD",217.08,"USD",,,,,,,,
Market buy,2024-11-06 18:54:39.989,US83548R4020,SONN,"Sonnet BioTherapeutics",,EOF23106882127,44.0000000000,5.12,USD,1.00000,,"USD",225.28,"USD",,,,,,,,
Market buy,2024-11-06 19:10:19.656,US83548R4020,SONN,"Sonnet BioTherapeutics",,EOF23106884130,4.0000000000,4.90,USD,1.00000,,"USD",19.60,"USD",,,,,,,,
Interest on cash,2024-11-07 02:01:35.523,,,,"Interest on cash",534dd3b5-78d9-4d35-b9dc-026d67a36128,,,,,,,0.04,"USD",,,,,,,,
Lending interest,2024-11-07 02:07:49.712,,,,"Share lending interest",403f3e31-6640-4708-833c-2f89a96b1c6c,,,,,,,1.03,"EUR",,,,,,,,
Market sell,2024-11-07 14:34:32.678,US4581401001,INTC,"Intel",,EOF23151080231,30.0000000000,25.45,USD,1.00000,149.73,"USD",763.50,"USD",,,,,,,,
Market sell,2024-11-07 14:34:42.358,US4581401001,INTC,"Intel",,EOF23151080436,13.0000000000,25.44,USD,1.00000,64.76,"USD",330.72,"USD",,,,,,,,
Market buy,2024-11-07 15:16:37.575,US9043111072,UAA,"Under Armour (Class A)",,EOF23153503474,20.0000000000,11.36,USD,1.00000,,"USD",227.20,"USD",,,,,,,,
Market sell,2024-11-07 15:30:42.205,US9043111072,UAA,"Under Armour (Class A)",,EOF23153508963,0.9220000000,11.53,USD,1.00000,0.16,"USD",10.63,"USD",,,,,,,,
Market sell,2024-11-07 15:30:43.287,US9043111072,UAA,"Under Armour (Class A)",,EOF23153508982,19.0780000000,11.53,USD,1.00000,3.24,"USD",219.97,"USD",,,,,,,,
Market buy,2024-11-07 15:52:39.939,US63903P2092,NMHI,"Nature's Miracle California",,EOF23153515313,500.0000000000,0.35,USD,1.00000,,"USD",172.50,"USD",,,,,,,,
Market sell,2024-11-07 15:54:22.775,US63903P2092,NMHI,"Nature's Miracle California",,EOF23153515799,500.0000000000,0.32,USD,1.00000,-12.45,"USD",160.05,"USD",,,,,,,,
Limit sell,2024-11-07 15:58:44.562,US03945R1023,ACHR,"Archer Aviation",,EOF23153516951,100.0000000000,3.61,USD,1.00000,30.61,"USD",361.00,"USD",,,,,,,,
Market buy,2024-11-07 16:13:51.771,US83548R4020,SONN,"Sonnet BioTherapeutics",,EOF23153521166,20.0000000000,3.69,USD,1.00000,,"USD",73.80,"USD",,,,,,,,
Market buy,2024-11-07 16:14:56.422,US83548R4020,SONN,"Sonnet BioTherapeutics",,EOF23153521490,30.0000000000,3.72,USD,1.00000,,"USD",111.60,"USD",,,,,,,,
Market buy,2024-11-07 17:47:28.639,US35834F1049,FREY,"FREYR Battery",,EOF23153536909,120.0000000000,2.22,USD,1.00000,,"USD",266.40,"USD",,,,,,,,
Market buy,2024-11-07 17:54:35.596,US35834F1049,FREY,"FREYR Battery",,EOF23153537992,180.0000000000,2.27,USD,1.00000,,"USD",408.60,"USD",,,,,,,,
Market sell,2024-11-07 18:02:01.808,US35834F1049,FREY,"FREYR Battery",,EOF23153538808,290.0000000000,2.28,USD,1.00000,8.70,"USD",661.20,"USD",,,,,,,,
Market sell,2024-11-07 18:02:39.634,US35834F1049,FREY,"FREYR Battery",,EOF23153538898,10.0000000000,2.29,USD,1.00000,0.40,"USD",22.90,"USD",,,,,,,,
Market buy,2024-11-07 19:19:48.205,US15118V2079,CELH,"Celsius",,EOF23153549559,18.0000000000,30.21,USD,1.00000,,"USD",543.78,"USD",,,,,,,,
Market buy,2024-11-07 19:21:01.819,US9778521024,WOLF,"Wolfspeed",,EOF23153549765,16.0000000000,8.77,USD,1.00000,,"USD",140.32,"USD",,,,,,,,
Market buy,2024-11-07 20:44:07.905,US83417M1045,SEDG,"SolarEdge Technologies",,EOF23155611561,20.0000000000,15.32,USD,1.00000,,"USD",306.40,"USD",,,,,,,,
Market buy,2024-11-07 20:44:32.704,US83417M1045,SEDG,"SolarEdge Technologies",,EOF23155611598,15.0000000000,15.31,USD,1.00000,,"USD",229.65,"USD",,,,,,,,
Market buy,2024-11-07 20:44:48.043,US83417M1045,SEDG,"SolarEdge Technologies",,EOF23155611629,3.0000000000,15.28,USD,1.00000,,"USD",45.84,"USD",,,,,,,,
Market sell,2024-11-07 20:45:32.441,US47215P1066,JD,"JD.com",,EOF23155611706,10.0000000000,41.19,USD,1.00000,7.30,"USD",411.90,"USD",,,,,,,,
Market buy,2024-11-07 20:45:49.092,US83417M1045,SEDG,"SolarEdge Technologies",,EOF23155611760,25.0000000000,15.27,USD,1.00000,,"USD",381.75,"USD",,,,,,,,
Interest on cash,2024-11-08 02:01:32.682,,,,"Interest on cash",a8124916-e476-4532-a6d9-b209ff0f2307,,,,,,,0.04,"USD",,,,,,,,
Lending interest,2024-11-08 02:03:57.993,,,,"Share lending interest",cd207b1f-d283-4f67-a267-d12ed642a8a5,,,,,,,1.36,"EUR",,,,,,,,
Market sell,2024-11-08 14:49:37.029,US03945R1023,ACHR,"Archer Aviation",,EOF23203253929,100.0000000000,4.02,USD,1.00000,71.61,"USD",402.00,"USD",,,,,,,,
Market sell,2024-11-08 14:51:55.004,US03945R1023,ACHR,"Archer Aviation",,EOF23203255101,80.0000000000,4.00,USD,1.00000,55.69,"USD",320.00,"USD",,,,,,,,
Market sell,2024-11-08 14:54:30.128,US03945R1023,ACHR,"Archer Aviation",,EOF23203255886,200.0000000000,3.96,USD,1.00000,131.23,"USD",792.00,"USD",,,,,,,,
Market buy,2024-11-08 17:22:30.971,US83417M1045,SEDG,"SolarEdge Technologies",,EOF23203295674,20.0000000000,13.51,USD,1.00000,,"USD",270.20,"USD",,,,,,,,
Market sell,2024-11-08 18:51:31.423,US9778521024,WOLF,"Wolfspeed",,EOF23205409159,16.0000000000,9.77,USD,1.00000,16.00,"USD",156.32,"USD",,,,,,,,
Market buy,2024-11-08 18:58:12.023,US76655K1034,RGTI,"Rigetti Computing",,EOF23205410753,74.0000000000,1.56,USD,1.00000,,"USD",115.44,"USD",,,,,,,,
Interest on cash,2024-11-09 02:01:32.026,,,,"Interest on cash",dd910399-664e-46bf-b2c5-fac2f17c5415,,,,,,,0.20,"USD",,,,,,,,
Lending interest,2024-11-09 02:03:40.964,,,,"Share lending interest",94df5952-12ee-4eb0-8501-010b7777beb7,,,,,,,0.94,"EUR",,,,,,,,
Interest on cash,2024-11-10 02:01:34.587,,,,"Interest on cash",c1be4556-d9c8-404b-b150-1661101f4528,,,,,,,0.20,"USD",,,,,,,,
Lending interest,2024-11-11 02:01:29.013,,,,"Share lending interest",b96547ed-e276-439c-a432-a52dfec03df5,,,,,,,1.88,"EUR",,,,,,,,
Interest on cash,2024-11-11 02:01:36.697,,,,"Interest on cash",ce2798d3-c8e4-4e9d-afb9-b59790a9f7cd,,,,,,,0.20,"USD",,,,,,,,
Limit sell,2024-11-11 13:05:35.499,US67113Y6032,NUWE,"Nuwellis",,EOF23350639824,75.0000000000,2.61,USD,1.00000,2.15,"USD",195.75,"USD",,,,,,,,
Limit buy,2024-11-11 14:38:22.881,US83417M1045,SEDG,"SolarEdge Technologies",,EOF23355957824,50.0000000000,12.96,USD,1.00000,,"USD",648.00,"USD",,,,,,,,
Market buy,2024-11-11 15:24:12.449,US9778521024,WOLF,"Wolfspeed",,EOF23355986440,11.0000000000,8.97,USD,1.00000,,"USD",98.67,"USD",,,,,,,,
Lending interest,2024-11-12 01:59:05.253,,,,"Share lending interest",011db8f5-27eb-4f04-a6fd-54a8f2527d70,,,,,,,0.93,"EUR",,,,,,,,
Interest on cash,2024-11-12 02:01:34.557,,,,"Interest on cash",31060d0f-09a7-45b3-af8e-5083f1990cce,,,,,,,0.13,"USD",,,,,,,,
Limit buy,2024-11-12 16:20:53.73,US15118V2079,CELH,"Celsius",,EOF23404453131,10.0000000000,26.10,USD,1.00000,,"USD",261.00,"USD",,,,,,,,
Market buy,2024-11-12 17:02:55.509,US9778521024,WOLF,"Wolfspeed",,EOF23404461376,15.0000000000,8.58,USD,1.00000,,"USD",128.70,"USD",,,,,,,,
Interest on cash,2024-11-13 02:01:33.737,,,,"Interest on cash",c17fe368-dd13-4cf8-9f7b-9e466a9f29d8,,,,,,,0.08,"USD",,,,,,,,
Lending interest,2024-11-13 02:07:03.197,,,,"Share lending interest",cb795ee2-2cc9-42d7-b7c0-35eccba106d1,,,,,,,0.68,"EUR",,,,,,,,
Market buy,2024-11-13 10:34:35.575,US76954A1034,RIVN,"Rivian Automotive",,EOF23406932412,19.0000000000,12.11,USD,1.00000,,"USD",230.09,"USD",,,,,,,,
Interest on cash,2024-11-14 02:01:36.548,,,,"Interest on cash",d3cdbc89-0b71-4a46-a9b0-ae7f71b29cb2,,,,,,,0.01,"EUR",,,,,,,,
Interest on cash,2024-11-14 02:01:36.617,,,,"Interest on cash",2d3e0a84-554c-4ed1-9a71-d6a95297e908,,,,,,,0.06,"USD",,,,,,,,
Lending interest,2024-11-14 02:03:59.262,,,,"Share lending interest",bb59623b-b726-42a8-aaa5-f00832d714f8,,,,,,,0.26,"EUR",,,,,,,,
Interest on cash,2024-11-15 02:01:36.162,,,,"Interest on cash",a35529c8-3484-496c-b630-c398573fd72c,,,,,,,0.05,"USD",,,,,,,,
Lending interest,2024-11-15 02:06:59.68,,,,"Share lending interest",89d6d291-f956-4687-afd6-39a73bb383a3,,,,,,,0.39,"EUR",,,,,,,,
Interest on cash,2024-11-16 02:01:36.093,,,,"Interest on cash",814352b3-2b6c-4546-8dc1-036555fa5ebb,,,,,,,0.06,"USD",,,,,,,,
Lending interest,2024-11-16 02:09:36.367,,,,"Share lending interest",a3ca9a30-8fe2-48f1-8aa4-a43a77de74bd,,,,,,,0.47,"EUR",,,,,,,,
Interest on cash,2024-11-17 02:01:35.288,,,,"Interest on cash",d78d15d1-840b-415f-a637-29f5a498e7b7,,,,,,,0.05,"USD",,,,,,,,
Interest on cash,2024-11-18 02:01:36.641,,,,"Interest on cash",8cfb01ff-e69f-442c-b550-e98fae69f437,,,,,,,0.06,"USD",,,,,,,,
Lending interest,2024-11-18 02:11:58.035,,,,"Share lending interest",31763c85-5301-4355-b3fe-c3c5115ab7c1,,,,,,,0.94,"EUR",,,,,,,,
Interest on cash,2024-11-19 02:01:34.135,,,,"Interest on cash",87d3637a-8a8d-4527-a815-081dfc996fed,,,,,,,0.06,"USD",,,,,,,,
Lending interest,2024-11-19 02:16:17.446,,,,"Share lending interest",67c945a5-7647-4b21-b434-c13528745b15,,,,,,,0.68,"EUR",,,,,,,,
Limit buy,2024-11-19 16:49:03.745,US6549022043,NOK,"Nokia",,EOF23752917065,70.0000000000,4.05,USD,1.00000,,"USD",283.50,"USD",,,,,,,,
Limit buy,2024-11-19 16:49:03.745,US6549022043,NOK,"Nokia",,EOF23752917063,4.0000000000,4.05,USD,1.00000,,"USD",16.20,"USD",,,,,,,,
Lending interest,2024-11-20 01:57:00.566,,,,"Share lending interest",4f41abd3-a0ef-43db-9392-ec388ded1a91,,,,,,,0.62,"EUR",,,,,,,,
Interest on cash,2024-11-20 02:01:35.439,,,,"Interest on cash",3608705d-e781-4f9f-9386-5f3a7b35f35b,,,,,,,0.01,"USD",,,,,,,,
Lending interest,2024-11-21 01:59:23.747,,,,"Share lending interest",7c5325ed-befb-46ae-92e4-f816d0422503,,,,,,,0.05,"EUR",,,,,,,,
Interest on cash,2024-11-21 02:01:37.858,,,,"Interest on cash",1ae610aa-c29f-44f3-b9cb-454112aeafa9,,,,,,,0.02,"USD",,,,,,,,
Market sell,2024-11-21 03:17:09.898,US8334451098,SNOW,"Snowflake",,EOF23805559879,4.0000000000,154.21,USD,1.00000,75.83,"USD",616.84,"USD",,,,,,,,
Market sell,2024-11-21 03:17:21.93,US8334451098,SNOW,"Snowflake",,EOF23805559883,2.0000000000,154.19,USD,1.00000,37.87,"USD",308.38,"USD",,,,,,,,
Interest on cash,2024-11-22 02:01:35.252,,,,"Interest on cash",59a143b0-e4c1-48a2-a677-4a42a70d1cd5,,,,,,,0.01,"EUR",,,,,,,,
Interest on cash,2024-11-22 02:01:35.326,,,,"Interest on cash",932b7e6a-9d04-496a-9869-21302555f25e,,,,,,,0.13,"USD",,,,,,,,
Lending interest,2024-11-22 02:02:25.538,,,,"Share lending interest",b7375ff8-6d47-4977-9bc8-fb60d42460e2,,,,,,,0.31,"EUR",,,,,,,,
Market buy,2024-11-22 16:11:18.169,US9778521024,WOLF,"Wolfspeed",,EOF23902581632,20.0000000000,7.85,USD,1.00000,,"USD",157.00,"USD",,,,,,,,
Market buy,2024-11-22 16:25:12.039,US60770K1079,MRNA,"Moderna",,EOF23902585178,0.8000000000,42.09,USD,1.00000,,"USD",33.67,"USD",,,,,,,,
Lending interest,2024-11-23 01:59:35.36,,,,"Share lending interest",14aa73ab-5a94-4e80-8c67-8f3d5738dd35,,,,,,,0.25,"EUR",,,,,,,,
Interest on cash,2024-11-23 02:01:37.101,,,,"Interest on cash",bdd8445c-3b7d-4c25-98fd-ff85cb4f69d5,,,,,,,0.11,"USD",,,,,,,,
Interest on cash,2024-11-24 02:01:38.274,,,,"Interest on cash",1e8b6441-74f2-4ae0-94e8-205e2f9541cf,,,,,,,0.11,"USD",,,,,,,,
Lending interest,2024-11-25 01:56:02.019,,,,"Share lending interest",38e6a2cb-0a45-4225-b725-e6a82973ceb2,,,,,,,0.49,"EUR",,,,,,,,
Interest on cash,2024-11-25 02:01:37.816,,,,"Interest on cash",099425ee-43ba-441f-8125-d58b5aa5f881,,,,,,,0.11,"USD",,,,,,,,
Limit sell,2024-11-25 10:58:28.638,US76655K1034,RGTI,"Rigetti Computing",,EOF24050373776,54.0000000000,2.59,USD,1.00000,55.62,"USD",139.86,"USD",,,,,,,,
Market buy,2024-11-25 13:38:32.677,US60770K1079,MRNA,"Moderna",,EOF24050392221,0.2000000000,42.30,USD,1.00000,,"USD",8.46,"USD",,,,,,,,
Market buy,2024-11-25 15:05:47.585,KYG651631007,JOBY,"Joby Aviation",,EOF24054883887,1.5000000000,7.73,USD,1.00000,,"USD",11.60,"USD",,,,,,,,
Market sell,2024-11-25 16:04:53.732,US9778521024,WOLF,"Wolfspeed",,EOF24056810065,12.0000000000,9.78,USD,1.00000,17.09,"USD",117.36,"USD",,,,,,,,
Market sell,2024-11-25 19:20:32.279,US87918A1051,TDOC,"Teladoc Health",,EOF24056847538,13.0000000000,12.26,USD,1.00000,5.37,"USD",159.38,"USD",,,,,,,,
Market sell,2024-11-25 19:20:46.091,KYG651631007,JOBY,"Joby Aviation",,EOF24056847552,1.5000000000,8.25,USD,1.00000,0.78,"USD",12.38,"USD",,,,,,,,
Market buy,2024-11-25 19:21:11.869,US7170811035,PFE,"Pfizer",,EOF24056847611,6.0000000000,26.00,USD,1.00000,,"USD",156.00,"USD",,,,,,,,
Market sell,2024-11-25 19:21:45.951,US76655K1034,RGTI,"Rigetti Computing",,EOF24056847727,20.0000000000,2.72,USD,1.00000,23.20,"USD",54.40,"USD",,,,,,,,
Market buy,2024-11-25 19:22:11.484,US7170811035,PFE,"Pfizer",,EOF24056847821,2.0000000000,25.99,USD,1.00000,,"USD",51.98,"USD",,,,,,,,
Market buy,2024-11-25 19:22:28.446,US7170811035,PFE,"Pfizer",,EOF24056847871,1.0000000000,25.99,USD,1.00000,,"USD",25.99,"USD",,,,,,,,
Interest on cash,2024-11-26 02:01:34.152,,,,"Interest on cash",b434be41-bb61-4b2c-90a8-89ff3f25c328,,,,,,,0.14,"USD",,,,,,,,
Lending interest,2024-11-26 02:02:36.019,,,,"Share lending interest",8ff534a9-9625-4161-a076-d2f6dd238d9f,,,,,,,0.19,"EUR",,,,,,,,
Limit buy,2024-11-26 09:00:47.098,US7311052010,PSNY,"Polestar Automotive Holding UK",,EOF24058795325,95.0000000000,1.19,USD,1.00000,,"USD",113.05,"USD",,,,,,,,
Interest on cash,2024-11-27 02:01:37.405,,,,"Interest on cash",1bd3c370-c020-4281-a741-32533099f6d4,,,,,,,0.12,"USD",,,,,,,,
Lending interest,2024-11-27 02:06:07.787,,,,"Share lending interest",ae616d40-d244-48f7-86b1-467db03c7f06,,,,,,,0.18,"EUR",,,,,,,,
Interest on cash,2024-11-28 02:01:36.768,,,,"Interest on cash",432513cf-d9bb-4691-a2af-7d8c6366e95e,,,,,,,0.13,"USD",,,,,,,,
Lending interest,2024-11-28 02:03:25.034,,,,"Share lending interest",7872ecbc-3006-49c3-93e8-a95b41eccf72,,,,,,,0.20,"EUR",,,,,,,,
Lending interest,2024-11-29 02:03:21.295,,,,"Share lending interest",55da476c-5f72-4a91-8dd4-f1fa2631bf94,,,,,,,0.20,"EUR",,,,,,,,
Interest on cash,2024-11-29 08:06:53.897,,,,"Interest on cash",d8166534-4673-4f20-a0e6-a7280a63d1dc,,,,,,,0.01,"EUR",,,,,,,,
Interest on cash,2024-11-29 08:06:53.978,,,,"Interest on cash",2b2d6a84-4356-4b59-bea4-166d43fc632c,,,,,,,0.12,"USD",,,,,,,,
Market buy,2024-11-29 15:49:07.859,US9778521024,WOLF,"Wolfspeed",,EOF24254930239,11.5000000000,9.59,USD,1.00000,,"USD",110.29,"USD",,,,,,,,
Market buy,2024-11-29 15:49:17.802,US9778521024,WOLF,"Wolfspeed",,EOF24254930340,0.5000000000,9.58,USD,1.00000,,"USD",4.79,"USD",,,,,,,,
Deposit,2024-11-29 15:58:40.97,,,,,d167cd63-385e-4d28-a165-ff46b699f0ae,,,,,,,619.11,"EUR",,,,,,,,
Market buy,2024-11-29 15:59:27.673,US9778521024,WOLF,"Wolfspeed",,EOF24254932815,60.0000000000,9.59,USD,1.05612,,"EUR",545.64,"EUR",,,,,,,0.82,"EUR"
Market buy,2024-11-29 16:27:15.229,US7311052010,PSNY,"Polestar Automotive Holding UK",,EOF24254938696,300.0000000000,1.12,USD,1.00000,,"USD",336.00,"USD",,,,,,,,
Market buy,2024-11-29 16:27:30.229,US7311052010,PSNY,"Polestar Automotive Holding UK",,EOF24254938715,200.0000000000,1.12,USD,1.00000,,"USD",224.00,"USD",,,,,,,,
Market buy,2024-11-29 16:28:03.234,US7311052010,PSNY,"Polestar Automotive Holding UK",,EOF24254938874,66.0000000000,1.12,USD,1.00000,,"USD",73.92,"USD",,,,,,,,
Market buy,2024-11-29 16:28:39.171,US7311052010,PSNY,"Polestar Automotive Holding UK",,EOF24254938983,7.0000000000,1.12,USD,1.00000,,"USD",7.84,"USD",,,,,,,,
Interest on cash,2024-11-30 02:01:36.822,,,,"Interest on cash",ab9dd24d-5969-463f-91d2-278958596365,,,,,,,0.03,"USD",,,,,,,,
Lending interest,2024-11-30 02:03:08.134,,,,"Share lending interest",ed05551a-51c6-4f2f-a1dd-f0c27ca1196c,,,,,,,0.19,"EUR",,,,,,,,
Interest on cash,2024-12-01 02:01:39.354,,,,"Interest on cash",5b436185-ad1c-4a38-8f92-1d0fb188c4db,,,,,,,0.01,"EUR",,,,,,,,
Interest on cash,2024-12-01 02:01:39.412,,,,"Interest on cash",d9562b82-665d-4221-9b39-6bea55cd2e6a,,,,,,,0.03,"USD",,,,,,,,
Interest on cash,2024-12-02 02:01:36.49,,,,"Interest on cash",c2b6f111-c05e-4cf1-a3e6-21e9e2c6d4c7,,,,,,,0.01,"EUR",,,,,,,,
Interest on cash,2024-12-02 02:01:36.552,,,,"Interest on cash",7917be4d-86a6-44e7-a827-519d69fc26c0,,,,,,,0.03,"USD",,,,,,,,
Lending interest,2024-12-02 02:01:53.854,,,,"Share lending interest",fe4531a0-d9ab-4ce5-8a6c-55b7575fc081,,,,,,,0.41,"EUR",,,,,,,,
Dividend (Dividend),2024-12-02 11:06:12,US7170811035,PFE,"Pfizer",,,43.0000000000,0.36,USD,Not available,,,14.59,"EUR",2.71,USD,,,,,,
Market sell,2024-12-02 14:32:25.805,IE000NDWFGA5,URNU,"Global X Uranium (Acc)",,EOF24405320574,43.0000000000,18.25,USD,1.00000,41.54,"USD",784.84,"USD",,,,,,,,
Market buy,2024-12-02 14:37:50.984,US83417M1045,SEDG,"SolarEdge Technologies",,EOF24405326586,46.0000000000,15.01,USD,1.00000,,"USD",690.46,"USD",,,,,,,,
Market buy,2024-12-02 14:38:08.512,US83417M1045,SEDG,"SolarEdge Technologies",,EOF24405326834,5.0000000000,15.03,USD,1.00000,,"USD",75.15,"USD",,,,,,,,
Market buy,2024-12-02 14:38:22.808,US83417M1045,SEDG,"SolarEdge Technologies",,EOF24405326982,1.0000000000,14.96,USD,1.00000,,"USD",14.96,"USD",,,,,,,,
Market buy,2024-12-02 18:02:10.485,US76655K1034,RGTI,"Rigetti Computing",,EOF24410252602,1.0000000000,3.06,USD,1.00000,,"USD",3.06,"USD",,,,,,,,
Lending interest,2024-12-03 02:01:11.288,,,,"Share lending interest",a78d1a60-c900-4e14-a942-8c434645310b,,,,,,,0.29,"EUR",,,,,,,,
Interest on cash,2024-12-03 02:01:39.818,,,,"Interest on cash",44dfccbb-4055-4d77-9aef-b3a08bd638f4,,,,,,,0.01,"EUR",,,,,,,,
Interest on cash,2024-12-03 02:01:39.865,,,,"Interest on cash",7158b577-21d7-4f8e-a4d0-065d9602c9e1,,,,,,,0.03,"USD",,,,,,,,
Lending interest,2024-12-04 01:57:23.153,,,,"Share lending interest",9d8e802b-da0e-4c19-a192-fd42ecd7b3fa,,,,,,,0.36,"EUR",,,,,,,,
Interest on cash,2024-12-04 02:01:38.378,,,,"Interest on cash",18ef7952-9dbc-4d62-9f85-3ccd97b91c19,,,,,,,0.01,"EUR",,,,,,,,
Interest on cash,2024-12-04 02:01:38.435,,,,"Interest on cash",0076c985-f361-40d3-8078-e9b9af327304,,,,,,,0.03,"USD",,,,,,,,
Market buy,2024-12-04 16:19:54.241,US83548R4020,SONN,"Sonnet BioTherapeutics",,EOF24503512570,50.0000000000,2.06,USD,1.00000,,"USD",103.00,"USD",,,,,,,,
Market buy,2024-12-04 16:19:54.241,US83548R4020,SONN,"Sonnet BioTherapeutics",,EOF24503512571,5.0000000000,2.06,USD,1.00000,,"USD",10.30,"USD",,,,,,,,
Market sell,2024-12-04 16:30:59.131,US00202F1021,AMKBY,"AP Moller Maersk",,EOF24503514326,23.0000000000,8.46,USD,1.00000,-1.86,"USD",194.58,"USD",,,,,,,,
Market buy,2024-12-04 16:31:27.419,US83548R4020,SONN,"Sonnet BioTherapeutics",,EOF24503514376,15.0000000000,2.07,USD,1.00000,,"USD",31.05,"USD",,,,,,,,
Market buy,2024-12-04 16:34:59.765,US83548R4020,SONN,"Sonnet BioTherapeutics",,EOF24503514946,50.0000000000,2.08,USD,1.00000,,"USD",104.00,"USD",,,,,,,,
Market buy,2024-12-04 16:38:22.892,US83548R4020,SONN,"Sonnet BioTherapeutics",,EOF24503515581,32.0000000000,2.09,USD,1.00000,,"USD",66.88,"USD",,,,,,,,
Interest on cash,2024-12-05 02:01:36.043,,,,"Interest on cash",414c307e-f66b-4ac6-a052-a847264c63bf,,,,,,,0.01,"EUR",,,,,,,,
Interest on cash,2024-12-05 02:01:36.109,,,,"Interest on cash",3b17e706-76ac-45e1-ae22-4f63682104b1,,,,,,,0.01,"USD",,,,,,,,
Lending interest,2024-12-05 02:02:34.055,,,,"Share lending interest",a3065840-1d32-4b24-bad7-bbc8e2cee679,,,,,,,0.32,"EUR",,,,,,,,
Interest on cash,2024-12-06 02:01:39.113,,,,"Interest on cash",0f4c2e1e-b527-4eeb-8ae0-7e363cfeb3c5,,,,,,,0.01,"EUR",,,,,,,,
Interest on cash,2024-12-06 02:01:39.188,,,,"Interest on cash",7482a843-85e7-4705-b5db-0d087f406692,,,,,,,0.02,"USD",,,,,,,,
Lending interest,2024-12-06 02:02:58.352,,,,"Share lending interest",5e48e46d-9953-46e7-9891-11cc77499d8d,,,,,,,0.29,"EUR",,,,,,,,
Interest on cash,2024-12-07 02:01:35.853,,,,"Interest on cash",a3c66967-646c-4f46-9bab-988731b99060,,,,,,,0.01,"EUR",,,,,,,,
Interest on cash,2024-12-07 02:01:35.935,,,,"Interest on cash",9fa5a2e6-44b1-4034-a4c6-b97baa2296ec,,,,,,,0.01,"USD",,,,,,,,
Lending interest,2024-12-07 02:02:07.998,,,,"Share lending interest",d442782b-1f8f-4850-8dde-6c32f0f4b83c,,,,,,,0.23,"EUR",,,,,,,,
Interest on cash,2024-12-08 02:01:37.398,,,,"Interest on cash",5b3da8d6-c2b3-43de-aa67-2073566a47c6,,,,,,,0.01,"EUR",,,,,,,,
Interest on cash,2024-12-08 02:01:37.447,,,,"Interest on cash",b7f05dfc-77c9-4653-96f8-5a79b33b6f13,,,,,,,0.02,"USD",,,,,,,,
Lending interest,2024-12-09 01:59:47.222,,,,"Share lending interest",8b7bbee3-6b33-496f-b890-155f1b9ece73,,,,,,,0.46,"EUR",,,,,,,,
Interest on cash,2024-12-09 02:01:38.421,,,,"Interest on cash",2ab20eb3-c8be-47cd-a77d-3ecfb91a3cf2,,,,,,,0.01,"EUR",,,,,,,,
Interest on cash,2024-12-09 02:01:38.49,,,,"Interest on cash",44b12d74-191b-4777-b190-a90f26530b29,,,,,,,0.01,"USD",,,,,,,,
Limit sell,2024-12-09 13:51:25.869,US83548R4020,SONN,"Sonnet BioTherapeutics",,EOF24750830473,250.0000000000,3.00,USD,1.00000,4.49,"USD",750.00,"USD",,,,,,,,
Market buy,2024-12-09 14:49:22.41,US9314271084,WBA,"Walgreens Boots Alliance",,EOF24755055302,80.0000000000,8.85,USD,1.00000,,"USD",708.00,"USD",,,,,,,,
Market buy,2024-12-09 14:49:36.295,US9314271084,WBA,"Walgreens Boots Alliance",,EOF24755055624,7.0000000000,8.84,USD,1.00000,,"USD",61.88,"USD",,,,,,,,
Market buy,2024-12-09 15:09:20.416,US7311052010,PSNY,"Polestar Automotive Holding UK",,EOF24755066868,6.0000000000,1.19,USD,1.00000,,"USD",7.14,"USD",,,,,,,,
Market buy,2024-12-09 15:09:27.532,US7311052010,PSNY,"Polestar Automotive Holding UK",,EOF24755066890,80.0000000000,1.19,USD,1.05754,,"EUR",90.16,"EUR",,,,,,,0.14,"EUR"
Market buy,2024-12-09 15:09:55.717,US7311052010,PSNY,"Polestar Automotive Holding UK",,EOF24755067031,12.0000000000,1.19,USD,1.05777,,"EUR",13.52,"EUR",,,,,,,0.02,"EUR"
Market buy,2024-12-09 15:11:12.231,US7311052010,PSNY,"Polestar Automotive Holding UK",,EOF24755067521,1.0000000000,1.20,USD,1.06194,,"EUR",1.13,"EUR",,,,,,,,
Limit sell,2024-12-09 18:37:13.351,US15118V2079,CELH,"Celsius",,EOF24757114826,8.0000000000,31.15,USD,1.00000,19.26,"USD",249.20,"USD",,,,,,,,
Lending interest,2024-12-10 01:57:17.841,,,,"Share lending interest",a6a704db-0a26-44b8-bd73-b35209206a7a,,,,,,,0.61,"EUR",,,,,,,,
Interest on cash,2024-12-10 02:01:37.425,,,,"Interest on cash",53c5a0b7-1bfb-45a4-af05-9db1e8cb7c72,,,,,,,0.01,"EUR",,,,,,,,
Interest on cash,2024-12-10 02:01:37.501,,,,"Interest on cash",1ca26848-e1e0-448c-be44-6cf59a96dddc,,,,,,,0.04,"USD",,,,,,,,
Market buy,2024-12-10 04:18:33.175,US36467W1099,GME,"GameStop",,EOF24757139667,8.0000000000,28.15,USD,1.00000,,"USD",225.20,"USD",,,,,,,,
Market sell,2024-12-10 18:34:42.515,US9314271084,WBA,"Walgreens Boots Alliance",,EOF24803926496,63.1640000000,10.72,USD,1.00000,37.55,"USD",677.12,"USD",,,,,,,,
Market sell,2024-12-10 18:35:08.168,US9314271084,WBA,"Walgreens Boots Alliance",,EOF24803926529,5.0040000000,10.73,USD,1.00000,3.02,"USD",53.69,"USD",,,,,,,,
Market sell,2024-12-10 18:35:08.419,US9314271084,WBA,"Walgreens Boots Alliance",,EOF24803926533,0.0010000000,10.73,USD,1.00000,0.00,"USD",0.01,"USD",,,,,,,,
Market sell,2024-12-10 18:35:37.682,US9314271084,WBA,"Walgreens Boots Alliance",,EOF24803926594,41.8310000000,10.70,USD,1.00000,24.03,"USD",447.59,"USD",,,,,,,,
Market buy,2024-12-10 18:37:40.012,US83548R4020,SONN,"Sonnet BioTherapeutics",,EOF24803926838,300.0000000000,1.93,USD,1.00000,,"USD",579.00,"USD",,,,,,,,
Market sell,2024-12-10 18:40:36.925,US9314271084,WBA,"Walgreens Boots Alliance",,EOF24803927243,100.0000000000,10.73,USD,1.00000,60.45,"USD",1073.00,"USD",,,,,,,,
Market buy,2024-12-10 18:44:22.327,US7311052010,PSNY,"Polestar Automotive Holding UK",,EOF24803928194,1000.0000000000,1.10,USD,1.00000,,"USD",1100.00,"USD",,,,,,,,
Market buy,2024-12-10 18:44:54.991,US83417M1045,SEDG,"SolarEdge Technologies",,EOF24803928250,38.0000000000,14.39,USD,1.00000,,"USD",546.82,"USD",,,,,,,,
Market buy,2024-12-10 18:45:21.69,US83417M1045,SEDG,"SolarEdge Technologies",,EOF24803928295,3.0000000000,14.40,USD,1.00000,,"USD",43.20,"USD",,,,,,,,
Market buy,2024-12-10 19:01:05.627,KYG0447T1004,ARBB,"ARB IOT Group",,EOF24803930491,3.0000000000,0.50,USD,1.04895,,"EUR",1.43,"EUR",,,,,,,,
Market buy,2024-12-10 19:01:05.627,KYG0447T1004,ARBB,"ARB IOT Group",,EOF24803930492,13.0000000000,0.50,USD,1.00000,,"USD",6.50,"USD",,,,,,,,
Market sell,2024-12-10 19:21:36.604,US9314271084,WBA,"Walgreens Boots Alliance",,EOF24803932752,100.0000000000,10.55,USD,1.00000,42.45,"USD",1055.00,"USD",,,,,,,,
Market buy,2024-12-10 19:22:31.294,US62914V1061,NIO,"NIO",,EOF24803932856,200.0000000000,4.79,USD,1.00000,,"USD",958.00,"USD",,,,,,,,
Market buy,2024-12-10 19:22:43.774,US62914V1061,NIO,"NIO",,EOF24803932882,16.0000000000,4.79,USD,1.00000,,"USD",76.64,"USD",,,,,,,,
Market buy,2024-12-10 19:23:00.406,US62914V1061,NIO,"NIO",,EOF24803932894,3.0000000000,4.79,USD,1.00000,,"USD",14.37,"USD",,,,,,,,
Market buy,2024-12-10 19:25:23.992,US62914V1061,NIO,"NIO",,EOF24803933136,1.0000000000,4.79,USD,1.00000,,"USD",4.79,"USD",,,,,,,,
Lending interest,2024-12-11 01:53:59.197,,,,"Share lending interest",bd496cea-d529-4fc9-9f1d-f26293210074,,,,,,,0.14,"EUR",,,,,,,,
Interest on cash,2024-12-11 02:01:37.129,,,,"Interest on cash",d4f42497-433c-4263-b235-5999ced4303d,,,,,,,0.01,"USD",,,,,,,,
Market sell,2024-12-11 16:02:39.951,US9314271084,WBA,"Walgreens Boots Alliance",,EOF24850699860,130.0000000000,9.68,USD,1.00000,-57.91,"USD",1258.40,"USD",,,,,,,,
Market buy,2024-12-11 16:02:54.048,US36467W1099,GME,"GameStop",,EOF24850699884,38.0000000000,29.60,USD,1.00000,,"USD",1124.80,"USD",,,,,,,,
Market buy,2024-12-11 16:03:05.679,US36467W1099,GME,"GameStop",,EOF24850699893,4.0000000000,29.59,USD,1.00000,,"USD",118.36,"USD",,,,,,,,
Market sell,2024-12-11 16:34:20.944,US9314271084,WBA,"Walgreens Boots Alliance",,EOF24853056926,200.0000000000,9.62,USD,1.00000,-101.10,"USD",1924.00,"USD",,,,,,,,
Market buy,2024-12-11 16:34:58.226,US72919P2020,PLUG,"Plug Power",,EOF24853057044,700.0000000000,2.43,USD,1.00000,,"USD",1701.00,"USD",,,,,,,,
Market buy,2024-12-11 16:35:20.26,US72919P2020,PLUG,"Plug Power",,EOF24853057114,90.0000000000,2.43,USD,1.00000,,"USD",218.70,"USD",,,,,,,,
Market sell,2024-12-11 17:48:38.586,US76655K1034,RGTI,"Rigetti Computing",,EOF24853065426,1.0000000000,6.50,USD,1.00000,3.44,"USD",6.50,"USD",,,,,,,,
Lending interest,2024-12-12 01:59:34.718,,,,"Share lending interest",9a0b4c89-fe15-4c6a-87d5-1223287b8dd9,,,,,,,1.26,"EUR",,,,,,,,
Interest on cash,2024-12-12 02:01:39.707,,,,"Interest on cash",48fbb479-fa56-4f2d-a468-84a56b287e71,,,,,,,0.02,"USD",,,,,,,,
Dividend (Dividend),2024-12-12 12:40:28,US8740602052,TAK,"Takeda Pharmaceutical",,,11.0000000000,0.28,USD,Not available,,,2.89,"EUR",0.55,USD,,,,,,
Market buy,2024-12-12 12:44:54.438,US72919P2020,PLUG,"Plug Power",,EOF24855234085,10.0000000000,2.47,USD,1.00000,,"USD",24.70,"USD",,,,,,,,
Dividend (Dividend manufactured payment),2024-12-12 12:51:57,US9314271084,WBA,"Walgreens Boots Alliance",,,753.0000000000,0.21,USD,Not available,,,152.29,"EUR",28.24,USD,,,,,,
Interest on cash,2024-12-13 02:01:40.175,,,,"Interest on cash",1a06f253-f63d-44f2-8e60-8a8b3fd28937,,,,,,,0.01,"EUR",,,,,,,,
Interest on cash,2024-12-13 02:01:40.252,,,,"Interest on cash",843e226e-e5ec-4d76-966d-29fc2f0ac2e0,,,,,,,0.01,"USD",,,,,,,,
Lending interest,2024-12-13 02:01:51.465,,,,"Share lending interest",c425cc42-92ba-48c0-abd1-3d9ce32f7525,,,,,,,0.19,"EUR",,,,,,,,
Market buy,2024-12-13 09:00:03.367,US7311052010,PSNY,"Polestar Automotive Holding UK",,EOF24905296786,2.0000000000,1.06,USD,1.00000,,"USD",2.12,"USD",,,,,,,,
Market buy,2024-12-13 09:00:04.393,US83417M1045,SEDG,"SolarEdge Technologies",,EOF24905296787,10.0000000000,13.38,USD,1.04678,,"EUR",128.01,"EUR",,,,,,,0.19,"EUR"
Market buy,2024-12-13 10:18:17.255,US36467W1099,GME,"GameStop",,EOF24907404210,0.9500000000,28.84,USD,1.04892,,"EUR",26.16,"EUR",,,,,,,0.04,"EUR"
Interest on cash,2024-12-14 02:01:41.109,,,,"Interest on cash",60da7c31-e5d2-482c-91a0-a58835623355,,,,,,,0.01,"USD",,,,,,,,
Lending interest,2024-12-14 02:11:38.374,,,,"Share lending interest",b27e88c1-f534-42a7-8c81-f8d3a03fe005,,,,,,,0.81,"EUR",,,,,,,,
Interest on cash,2024-12-15 02:01:40.937,,,,"Interest on cash",97e74f3d-8899-4c7d-b6e8-0c62c85cacf9,,,,,,,0.01,"USD",,,,,,,,
Interest on cash,2024-12-16 02:01:37.194,,,,"Interest on cash",d8c63182-348e-48eb-bc7b-792b40bf96ae,,,,,,,0.01,"USD",,,,,,,,
Lending interest,2024-12-16 02:03:57.046,,,,"Share lending interest",bfac94da-b319-40c4-9ded-596f5bcf3f05,,,,,,,1.64,"EUR",,,,,,,,
Market sell,2024-12-16 11:56:52.815,US76954A1034,RIVN,"Rivian Automotive",,EOF25101121697,2.0000000000,14.11,USD,1.00000,3.69,"USD",28.22,"USD",,,,,,,,
Currency conversion,2024-12-16 11:57:19.29,,,,"5.56 EUR -> 5.83 USD",I754GBZ598OE3EKI,,,,,,,-0.01,"USD",,,5.56,"EUR",5.83,"USD",-0.01,"USD"
Market buy,2024-12-16 11:57:47.476,US36467W1099,GME,"GameStop",,EOF25101121789,1.0500000000,27.80,USD,1.00000,,"USD",29.19,"USD",,,,,,,,
Market buy,2024-12-16 12:02:50.779,US7311052010,PSNY,"Polestar Automotive Holding UK",,EOF25101122422,5.0000000000,1.02,USD,1.00000,,"USD",5.10,"USD",,,,,,,,
Market sell,2024-12-16 16:36:06.495,US76954A1034,RIVN,"Rivian Automotive",,EOF25107308774,80.0000000000,15.07,USD,1.00000,224.41,"USD",1205.60,"USD",,,,,,,,
Market sell,2024-12-16 16:36:53.54,US15118V2079,CELH,"Celsius",,EOF25107309410,20.0000000000,30.80,USD,1.00000,41.16,"USD",616.00,"USD",,,,,,,,
Market buy,2024-12-16 16:42:21.182,US7311052010,PSNY,"Polestar Automotive Holding UK",,EOF25107310867,600.0000000000,0.97,USD,1.00000,,"USD",579.24,"USD",,,,,,,,
Market buy,2024-12-16 16:43:23.457,US7311052010,PSNY,"Polestar Automotive Holding UK",,EOF25107311318,63.0000000000,0.97,USD,1.00000,,"USD",60.83,"USD",,,,,,,,
Market buy,2024-12-16 16:45:44.287,US83417M1045,SEDG,"SolarEdge Technologies",,EOF25107312045,80.0000000000,12.35,USD,1.00000,,"USD",988.00,"USD",,,,,,,,
Market buy,2024-12-16 16:45:58.752,US83417M1045,SEDG,"SolarEdge Technologies",,EOF25107312061,13.0000000000,12.38,USD,1.00000,,"USD",160.94,"USD",,,,,,,,
Lending interest,2024-12-17 01:59:45.796,,,,"Share lending interest",2abbf9f7-a1f3-411d-93d7-89af7e603f0f,,,,,,,0.84,"EUR",,,,,,,,
Interest on cash,2024-12-17 02:01:37.392,,,,"Interest on cash",9484d268-31f6-463a-be4b-25663af98a9a,,,,,,,0.02,"USD",,,,,,,,
Market sell,2024-12-17 13:42:31.971,US6549022043,NOK,"Nokia",,EOF25111719773,74.0000000000,4.46,USD,1.00000,30.34,"USD",330.04,"USD",,,,,,,,
Market buy,2024-12-17 13:43:19.587,US36467W1099,GME,"GameStop",,EOF25111719863,11.0000000000,29.60,USD,1.00000,,"USD",325.60,"USD",,,,,,,,
Market sell,2024-12-17 13:43:21.73,US70450Y1038,PYPL,"PayPal",,EOF25111719866,1.0000000000,90.95,USD,1.00000,26.51,"USD",90.95,"USD",,,,,,,,
Market buy,2024-12-17 13:43:53.902,US36467W1099,GME,"GameStop",,EOF25111719935,4.0000000000,29.60,USD,1.00000,,"USD",118.40,"USD",,,,,,,,
Market sell,2024-12-17 13:48:00.387,LU1900066207,LBRA,"Amundi MSCI Brazil (Acc)",,EOF25111720440,3.0000000000,17.07,EUR,1.00000,-7.49,"EUR",51.20,"EUR",,,,,,,,
Currency conversion,2024-12-17 13:49:03.735,,,,"52.04 EUR -> 54.63 USD",O1ZOYOF550Y7OC8D,,,,,,,-0.08,"USD",,,52.04,"EUR",54.63,"USD",-0.08,"USD"
Market buy,2024-12-17 13:49:19.456,US36467W1099,GME,"GameStop",,EOF25111720608,1.9000000000,29.65,USD,1.00000,,"USD",56.34,"USD",,,,,,,,
Market buy,2024-12-17 13:49:58.007,US36467W1099,GME,"GameStop",,EOF25111720676,0.1000000000,29.63,USD,1.00000,,"USD",2.96,"USD",,,,,,,,
Market sell,2024-12-17 13:54:42.701,GB00B15KYH63,AIGA,"WisdomTree Agriculture",,EOF25111721244,40.4900000000,5.99,USD,1.00000,-22.83,"USD",242.33,"USD",,,,,,,,
Market sell,2024-12-17 13:55:01.218,GB00B15KYH63,AIGA,"WisdomTree Agriculture",,EOF25111721301,32.5100000000,5.99,USD,1.00000,-18.33,"USD",194.57,"USD",,,,,,,,
Market buy,2024-12-17 13:55:32.308,US36467W1099,GME,"GameStop",,EOF25111721389,13.0000000000,29.71,USD,1.00000,,"USD",386.23,"USD",,,,,,,,
Market buy,2024-12-17 13:55:59.666,US36467W1099,GME,"GameStop",,EOF25111721444,1.0000000000,29.71,USD,1.00000,,"USD",29.71,"USD",,,,,,,,
Market sell,2024-12-17 14:05:13.453,JE00BN7KB441,CORN,"WisdomTree Corn",,EOF25111722919,12.5280000000,20.39,USD,1.00000,-35.05,"USD",255.38,"USD",,,,,,,,
Market sell,2024-12-17 14:05:14.462,JE00BN7KB441,CORN,"WisdomTree Corn",,EOF25111722921,0.4720000000,20.41,USD,1.00000,-1.31,"USD",9.63,"USD",,,,,,,,
Market buy,2024-12-17 14:08:51.585,US36467W1099,GME,"GameStop",,EOF25111723473,9.0000000000,29.72,USD,1.00000,,"USD",267.48,"USD",,,,,,,,
Market buy,2024-12-17 14:10:28.968,US72919P2020,PLUG,"Plug Power",,EOF25111723713,9.0000000000,2.43,USD,1.00000,,"USD",21.87,"USD",,,,,,,,
Market buy,2024-12-17 14:14:06.705,US7311052010,PSNY,"Polestar Automotive Holding UK",,EOF25111724475,2.0000000000,0.96,USD,1.00000,,"USD",1.93,"USD",,,,,,,,
Market sell,2024-12-17 15:58:45.84,US36467W1099,GME,"GameStop",,EOF25153393085,15.0000000000,31.59,USD,1.00000,49.31,"USD",473.85,"USD",,,,,,,,
Currency conversion,2024-12-17 15:59:20.445,,,,"474.29 USD -> 451.80 EUR",2G04DN6IWMW23IVU,,,,,,,-0.68,"EUR",,,474.29,"USD",451.80,"EUR",-0.68,"EUR"
Market buy,2024-12-17 15:59:27.441,US01609W1027,AHLA,"Alibaba",,EOF25153393196,5.0000000000,83.30,EUR,1.00000,,"EUR",416.50,"EUR",,,,,,,,
Market buy,2024-12-17 15:59:44.722,US01609W1027,AHLA,"Alibaba",,EOF25153393265,0.3500000000,83.40,EUR,1.00000,,"EUR",29.19,"EUR",,,,,,,,
Market sell,2024-12-17 16:06:12.8,US36467W1099,GME,"GameStop",,EOF25153394663,10.0000000000,31.49,USD,1.00000,31.88,"USD",314.90,"USD",,,,,,,,
Currency conversion,2024-12-17 16:06:37.477,,,,"314.9 USD -> 299.86 EUR",L7973VRKVPPYKDDX,,,,,,,-0.45,"EUR",,,314.90,"USD",299.86,"EUR",-0.45,"EUR"
Market buy,2024-12-17 16:06:52.414,US01609W1027,AHLA,"Alibaba",,EOF25153394761,3.0000000000,83.20,EUR,1.00000,,"EUR",249.60,"EUR",,,,,,,,
Market buy,2024-12-17 16:07:02.192,US01609W1027,AHLA,"Alibaba",,EOF25153394787,0.5000000000,83.20,EUR,1.00000,,"EUR",41.60,"EUR",,,,,,,,
Market buy,2024-12-17 16:07:47.922,US01609W1027,AHLA,"Alibaba",,EOF25153394940,0.1000000000,83.30,EUR,1.00000,,"EUR",8.33,"EUR",,,,,,,,
Market buy,2024-12-17 16:08:05.105,US01609W1027,AHLA,"Alibaba",,EOF25153395051,0.0490000000,83.30,EUR,1.00000,,"EUR",4.08,"EUR",,,,,,,,
Market sell,2024-12-17 16:12:58.925,US36467W1099,GME,"GameStop",,EOF25153396343,10.0000000000,31.32,USD,1.00000,30.18,"USD",313.20,"USD",,,,,,,,
Market sell,2024-12-17 16:13:46.207,US36467W1099,GME,"GameStop",,EOF25153396512,160.0000000000,31.28,USD,1.00000,476.40,"USD",5004.80,"USD",,,,,,,,
Currency conversion,2024-12-17 16:14:19.815,,,,"500 USD -> 476.10 EUR",9DH2N1YXLFNZC6YY,,,,,,,-0.71,"EUR",,,500.00,"USD",476.10,"EUR",-0.71,"EUR"
Market buy,2024-12-17 16:14:31.369,US01609W1027,AHLA,"Alibaba",,EOF25153396705,5.0000000000,83.00,EUR,1.00000,,"EUR",415.00,"EUR",,,,,,,,
Market buy,2024-12-17 16:14:55.639,US01609W1027,AHLA,"Alibaba",,EOF25153396835,0.6000000000,83.10,EUR,1.00000,,"EUR",49.86,"EUR",,,,,,,,
Market buy,2024-12-17 16:15:20.202,US01609W1027,AHLA,"Alibaba",,EOF25153396935,0.1000000000,83.20,EUR,1.00000,,"EUR",8.32,"EUR",,,,,,,,
Currency conversion,2024-12-17 16:15:49.953,,,,"50 USD -> 47.61 EUR",JAJJIKV8ETQVGL7W,,,,,,,-0.07,"EUR",,,50.00,"USD",47.61,"EUR",-0.07,"EUR"
Market buy,2024-12-17 16:16:09.85,US01609W1027,AHLA,"Alibaba",,EOF25153397207,0.3000000000,83.20,EUR,1.00000,,"EUR",24.96,"EUR",,,,,,,,
Currency conversion,2024-12-17 16:17:17.673,,,,"61.01 USD -> 58.09 EUR",NAO9ZQWLHXU23AWV,,,,,,,-0.09,"EUR",,,61.01,"USD",58.09,"EUR",-0.09,"EUR"
Market buy,2024-12-17 16:17:28.713,US01609W1027,AHLA,"Alibaba",,EOF25153397715,0.9000000000,83.20,EUR,1.00000,,"EUR",74.88,"EUR",,,,,,,,
Market buy,2024-12-17 16:17:45.352,US01609W1027,AHLA,"Alibaba",,EOF25153397820,0.0500000000,83.20,EUR,1.00000,,"EUR",4.16,"EUR",,,,,,,,
Market buy,2024-12-17 16:17:59.099,US01609W1027,AHLA,"Alibaba",,EOF25153397839,0.0500000000,83.20,EUR,1.00000,,"EUR",4.16,"EUR",,,,,,,,
Market buy,2024-12-17 16:18:21.926,US62914V1061,NIO,"NIO",,EOF25153397917,250.0000000000,4.58,USD,1.00000,,"USD",1145.00,"USD",,,,,,,,
Market buy,2024-12-17 16:18:46.048,US9778521024,WOLF,"Wolfspeed",,EOF25153398127,100.0000000000,7.87,USD,1.00000,,"USD",787.00,"USD",,,,,,,,
Market buy,2024-12-17 16:21:04.717,US7311052010,PSNY,"Polestar Automotive Holding UK",,EOF25153399421,200.0000000000,0.91,USD,1.00000,,"USD",181.66,"USD",,,,,,,,
Market buy,2024-12-17 16:21:28.22,US7311052010,PSNY,"Polestar Automotive Holding UK",,EOF25153399484,50.0000000000,0.91,USD,1.00000,,"USD",45.47,"USD",,,,,,,,
Market buy,2024-12-17 16:21:28.22,US7311052010,PSNY,"Polestar Automotive Holding UK",,EOF25153399485,25.0000000000,0.91,USD,1.00000,,"USD",22.73,"USD",,,,,,,,
Market buy,2024-12-17 16:23:12.697,US7311052010,PSNY,"Polestar Automotive Holding UK",,EOF25153399815,5.0000000000,0.91,USD,1.00000,,"USD",4.54,"USD",,,,,,,,
Limit sell,2024-12-17 17:03:36.718,US83417M1045,SEDG,"SolarEdge Technologies",,EOF25155107879,103.0000000000,14.95,USD,1.00000,22.31,"USD",1539.85,"USD",,,,,,,,
Market buy,2024-12-17 17:23:41.306,US22266M1045,COUR,"Coursera",,EOF25155111319,57.1847540000,8.81,USD,1.00000,,"USD",503.80,"USD",,,,,,,,
Market buy,2024-12-17 17:23:44.33,US22266M1045,COUR,"Coursera",,EOF25155111325,18.8152460000,8.81,USD,1.00000,,"USD",165.76,"USD",,,,,,,,
Market buy,2024-12-17 17:26:18.297,US22266M1045,COUR,"Coursera",,EOF25155111798,26.0000000000,8.81,USD,1.00000,,"USD",229.06,"USD",,,,,,,,
Market sell,2024-12-17 17:28:30.537,US83417M1045,SEDG,"SolarEdge Technologies",,EOF25155112083,90.0000000000,14.93,USD,1.00000,17.69,"USD",1343.70,"USD",,,,,,,,
Market buy,2024-12-17 17:34:58.719,US9314271084,WBA,"Walgreens Boots Alliance",,EOF25155112933,50.0000000000,9.57,USD,1.00000,,"USD",478.50,"USD",,,,,,,,
Market buy,2024-12-17 17:36:44.376,US60770K1079,MRNA,"Moderna",,EOF25155113216,4.0000000000,41.45,USD,1.00000,,"USD",165.80,"USD",,,,,,,,
Market buy,2024-12-17 17:38:35.128,US7311052010,PSNY,"Polestar Automotive Holding UK",,EOF25155113602,300.0000000000,0.92,USD,1.00000,,"USD",276.24,"USD",,,,,,,,
Market buy,2024-12-17 17:38:58.939,KYG0447T1004,ARBB,"ARB IOT Group",,EOF25155113620,200.0000000000,0.44,USD,1.00000,,"USD",88.10,"USD",,,,,,,,
Market buy,2024-12-17 17:54:23.04,US62914V1061,NIO,"NIO",,EOF25155115987,30.0000000000,4.60,USD,1.00000,,"USD",138.00,"USD",,,,,,,,
Lending interest,2024-12-18 01:54:37.05,,,,"Share lending interest",16f85b7a-4124-4690-a7c6-4bb554606588,,,,,,,0.51,"EUR",,,,,,,,
Interest on cash,2024-12-18 02:01:37.364,,,,"Interest on cash",096ef965-dd05-419c-a15b-f2f751c8ac21,,,,,,,0.40,"USD",,,,,,,,
Market buy,2024-12-18 11:27:51.511,CA2926717083,UUUU,"Energy Fuels",,EOF25157087961,6.0000000000,5.69,USD,1.00000,,"USD",34.14,"USD",,,,,,,,
Market buy,2024-12-18 11:54:26.601,US25179M1036,DVN,"Devon Energy",,EOF25157090369,10.0000000000,32.42,USD,1.00000,,"USD",324.20,"USD",,,,,,,,
Market buy,2024-12-18 14:25:56.56,BE0003816338,CMBT,"CMB Tech",,EOF25200753904,79.6937500000,9.30,USD,1.00000,,"USD",741.15,"USD",,,,,,,,
Market buy,2024-12-18 14:25:57.029,BE0003816338,CMBT,"CMB Tech",,EOF25200753906,80.3062500000,9.30,USD,1.00000,,"USD",746.85,"USD",,,,,,,,
Market buy,2024-12-18 14:25:57.029,BE0003816338,CMBT,"CMB Tech",,EOF25200753907,42.0000000000,9.30,USD,1.00000,,"USD",390.60,"USD",,,,,,,,
Market buy,2024-12-18 14:30:04.29,BE0003816338,CMBT,"CMB Tech",,EOF25200765578,14.0000000000,9.32,USD,1.00000,,"USD",130.48,"USD",,,,,,,,
Limit sell,2024-12-18 14:41:20.834,US9314271084,WBA,"Walgreens Boots Alliance",,EOF25200786608,50.0000000000,10.08,USD,1.00000,3.28,"USD",504.00,"USD",,,,,,,,
Market sell,2024-12-18 17:13:06.745,US83417M1045,SEDG,"SolarEdge Technologies",,EOF25203231952,80.0000000000,15.70,USD,1.00000,77.33,"USD",1256.00,"USD",,,,,,,,
Market sell,2024-12-18 17:13:27.206,US83417M1045,SEDG,"SolarEdge Technologies",,EOF25203232052,101.0000000000,15.71,USD,1.00000,98.63,"USD",1586.71,"USD",,,,,,,,
Market buy,2024-12-18 17:14:52.136,BE0003816338,CMBT,"CMB Tech",,EOF25203232372,14.0000000000,9.52,USD,1.00000,,"USD",133.28,"USD",,,,,,,,
Market buy,2024-12-18 17:28:14.17,BE0003816338,CMBT,"CMB Tech",,EOF25203235333,20.0000000000,9.54,USD,1.00000,,"USD",190.80,"USD",,,,,,,,
Market buy,2024-12-18 17:31:13.348,US7311052010,PSNY,"Polestar Automotive Holding UK",,EOF25203235975,18.0000000000,0.91,USD,1.00000,,"USD",16.35,"USD",,,,,,,,
Market buy,2024-12-18 17:32:09.656,US72919P2020,PLUG,"Plug Power",,EOF25203236155,1.0000000000,2.44,USD,1.00000,,"USD",2.44,"USD",,,,,,,,
Market buy,2024-12-18 17:38:12.137,US7311052010,PSNY,"Polestar Automotive Holding UK",,EOF25203237970,400.0000000000,0.91,USD,1.00000,,"USD",364.04,"USD",,,,,,,,
Market buy,2024-12-18 20:05:33.632,US72919P2020,PLUG,"Plug Power",,EOF25205069857,100.0000000000,2.26,USD,1.00000,,"USD",226.00,"USD",,,,,,,,
Market buy,2024-12-18 20:05:47.22,US72919P2020,PLUG,"Plug Power",,EOF25205069918,90.0000000000,2.27,USD,1.00000,,"USD",204.30,"USD",,,,,,,,
Market buy,2024-12-18 20:06:28.637,US9778521024,WOLF,"Wolfspeed",,EOF25205070237,100.0000000000,7.52,USD,1.00000,,"USD",752.00,"USD",,,,,,,,
Market buy,2024-12-18 20:38:29.982,US7311052010,PSNY,"Polestar Automotive Holding UK",,EOF25205079818,90.0000000000,0.86,USD,1.00000,,"USD",77.03,"USD",,,,,,,,
Market buy,2024-12-18 20:38:51.401,US7311052010,PSNY,"Polestar Automotive Holding UK",,EOF25205079951,10.0000000000,0.86,USD,1.00000,,"USD",8.55,"USD",,,,,,,,
Interest on cash,2024-12-19 02:01:39.712,,,,"Interest on cash",9f4e4150-1f34-4391-bab4-a1d1f1c49d3a,,,,,,,0.29,"USD",,,,,,,,
Lending interest,2024-12-19 02:08:03.299,,,,"Share lending interest",f04e18c4-a04b-4a9c-912c-459b674d16e9,,,,,,,0.73,"EUR",,,,,,,,
Dividend (Dividend),2024-12-19 14:22:07,US61945C1036,MOS,"Mosaic",,,13.0000000000,0.18,USD,Not available,,,2.24,"EUR",0.41,USD,,,,,,
Lending interest,2024-12-20 01:53:33.117,,,,"Share lending interest",b9ca933f-c1da-48b4-9b89-347052ae6f39,,,,,,,0.66,"EUR",,,,,,,,
Interest on cash,2024-12-20 02:01:39.341,,,,"Interest on cash",eda8877c-bc59-44fd-bda5-e6729a54b0a3,,,,,,,0.29,"USD",,,,,,,,
Market buy,2024-12-20 15:26:53.148,US9778521024,WOLF,"Wolfspeed",,EOF25303525837,82.0000000000,7.23,USD,1.00000,,"USD",592.86,"USD",,,,,,,,
Market buy,2024-12-20 15:27:02.176,US9778521024,WOLF,"Wolfspeed",,EOF25303525900,10.0000000000,7.19,USD,1.00000,,"USD",71.90,"USD",,,,,,,,
Market buy,2024-12-20 15:27:17.766,US9778521024,WOLF,"Wolfspeed",,EOF25303526015,1.0000000000,7.20,USD,1.00000,,"USD",7.20,"USD",,,,,,,,
Lending interest,2024-12-21 01:55:57.697,,,,"Share lending interest",33e3971d-eb6e-48a7-b27b-47b7844be389,,,,,,,0.63,"EUR",,,,,,,,
Interest on cash,2024-12-21 02:01:39.847,,,,"Interest on cash",06e6dda2-1c95-470d-96f2-58303a5d7e55,,,,,,,0.21,"USD",,,,,,,,
Interest on cash,2024-12-22 02:01:40.926,,,,"Interest on cash",03601f0b-dbb6-45b9-80e6-5004dea97c3a,,,,,,,0.21,"USD",,,,,,,,
Interest on cash,2024-12-23 02:01:41.408,,,,"Interest on cash",93130320-5641-4634-94f9-489f5b5ff868,,,,,,,0.20,"USD",,,,,,,,
Lending interest,2024-12-23 02:07:58.893,,,,"Share lending interest",fdb3d9b2-fa31-43f9-a80a-e7cee677f6bb,,,,,,,1.28,"EUR",,,,,,,,
Interest on cash,2024-12-24 02:01:41.07,,,,"Interest on cash",3d770ca2-d2e4-414b-bd77-b50c64f45a68,,,,,,,0.21,"USD",,,,,,,,
Lending interest,2024-12-24 02:11:58.976,,,,"Share lending interest",3fc1a806-9323-4786-abe3-89d69e2fe4a9,,,,,,,1.19,"EUR",,,,,,,,
Market buy,2024-12-24 16:29:01.828,KYG0447T1004,ARBB,"ARB IOT Group",,EOF25502065276,200.0000000000,0.45,USD,1.00000,,"USD",89.00,"USD",,,,,,,,