Action,Time,ISIN,Ticker,Name,No. of shares,Price / share,Currency (Price / share),Exchange rate,Result,Currency (Result),Total,Currency (Total),Withholding tax,Currency (Withholding tax),Finra fee,Notes,ID,Currency conversion fee,Currency (Currency conversion fee),Currency (Finra fee)
Deposit,2020-12-01 08:37:02,,,,,,,,,,200.00,"EUR",,,,"Transaction ID: 1736068118213575",5b4eba97-75f3-4675-89d3-c24219c0824f,,,
Market buy,2020-12-01 08:37:35,IE00B8HGT870,3GOL,"WisdomTree Gold 3x Leveraged",2.0000000000,38.80,USD,1.19753,,"EUR",64.80,"EUR",,,,,EOF617722806,,,
Market buy,2020-12-01 08:43:48,XS2856106302,3LNF,"GraniteShares 3x Long Netflix",3.0000000000,4.94,USD,1.19805,,"EUR",12.36,"EUR",,,,,EOF617740892,,,
Market buy,2020-12-01 08:45:14,IE00B7XD2195,3SIL,"WisdomTree Silver 3x Leveraged",10.0000000000,2.73,USD,1.19815,,"EUR",22.76,"EUR",,,,,EOF617745359,,,
Deposit,2020-12-01 08:47:52,,,,,,,,,,100.00,"EUR",,,,"Transaction ID: 4856068124722815",ebf66f43-4285-4a7b-97f9-ada8fd008f30,,,
Market buy,2020-12-01 08:49:45,XS2675292309,3LAL,"GraniteShares 3x Long Alphabet",5.0000000000,9.00,USD,1.19805,,"EUR",37.54,"EUR",,,,,EOF617758309,,,
Market buy,2020-12-01 08:55:52,XS2656472193,3LTS,"GraniteShares 3x Long Tesla",1.0000000000,47.56,USD,1.19775,,"EUR",39.71,"EUR",,,,,EOF617773653,,,
Deposit,2020-12-01 09:16:22,,,,,,,,,,100.00,"EUR",,,,"Transaction ID: 6159068141820484",8add6e74-a0fa-4e57-8eee-5b1d1d8f5afc,,,
Market buy,2020-12-01 09:18:06,XS2656472193,3LTS,"GraniteShares 3x Long Tesla",2.5000000000,47.83,USD,1.19742,,"EUR",99.86,"EUR",,,,,EOF617846676,,,
Deposit,2020-12-01 09:26:26,,,,,,,,,,100.00,"EUR",,,,"Transaction ID: 6149068147866070",aa1d199d-be75-408d-a35e-38d519157023,,,
Market buy,2020-12-01 09:27:15,XS2712624779,3LAZ,"GraniteShares 3x Long AstraZeneca",8.0000000000,460.00,GBX,89.51593,,"EUR",41.11,"EUR",,,,,EOF617876421,,,
Market buy,2020-12-01 09:29:31,XS2734938835,3LNV,"GraniteShares 3x Long NVIDIA",4.4000000000,11.88,USD,1.19794,,"EUR",43.62,"EUR",,,,,EOF617882630,,,
Deposit,2020-12-01 10:05:47,,,,,,,,,,200.00,"EUR",,,,"Transaction ID: 1556068171466976",1b60b1ce-4bb4-4efb-91cc-9d6764cb6f86,,,
Market buy,2020-12-01 10:17:24,IE00BKT6ZG93,2AME,"Leverage Shares 2x Advanced Micro Devices",1.0000000000,42.94,EUR,1.00000,,"EUR",42.94,"EUR",,,,,EOF617955563,,,
Market buy,2020-12-01 10:18:06,IE00B8HGT870,3GOL,"WisdomTree Gold 3x Leveraged",1.0000000000,39.01,USD,1.19736,,"EUR",32.58,"EUR",,,,,EOF617956490,,,
Market buy,2020-12-01 10:19:06,XS2856106302,3LNF,"GraniteShares 3x Long Netflix",10.0000000000,5.00,USD,1.19722,,"EUR",41.78,"EUR",,,,,EOF617957776,,,
Market buy,2020-12-01 10:19:35,XS2722161424,3LAP,"GraniteShares 3x Long Apple",6.0000000000,9.52,USD,1.19710,,"EUR",47.73,"EUR",,,,,EOF617958408,,,
Market buy,2020-12-01 10:43:25,IE00B8HGT870,3GOL,"WisdomTree Gold 3x Leveraged",3.0000000000,39.16,USD,1.19682,,"EUR",98.16,"EUR",,,,,EOF617988162,,,
Market buy,2020-12-01 12:32:49,IE00B7XD2195,3SIL,"WisdomTree Silver 3x Leveraged",10.0000000000,2.83,USD,1.19687,,"EUR",23.67,"EUR",,,,,EOF618132041,,,
Market buy,2020-12-01 15:49:18,US69608A1088,PLTR,"Palantir",2.3400000000,25.21,USD,1.20341,,"EUR",49.02,"EUR",,,,,EOF619969260,,,
Market buy,2020-12-03 14:34:00,US69608A1088,PLTR,"Palantir",0.1300000000,24.36,USD,1.21333,,"EUR",2.61,"EUR",,,,,EOF626215432,,,
Market sell,2020-12-04 15:22:05,CA0679011084,GOLD,"Barrick Gold",5.3200000000,23.42,USD,1.21484,-31.81,"EUR",102.56,"EUR",,,,,EOF630010110,,,
Market buy,2020-12-04 15:22:30,IE00B7XD2195,3SIL,"WisdomTree Silver 3x Leveraged",12.0000000000,3.10,USD,1.21449,,"EUR",30.64,"EUR",,,,,EOF630013173,,,
Market buy,2020-12-04 15:22:39,IE00B8HGT870,3GOL,"WisdomTree Gold 3x Leveraged",2.0000000000,41.61,USD,1.21453,,"EUR",68.52,"EUR",,,,,EOF630014193,,,
Market buy,2020-12-04 15:30:33,US69608A1088,PLTR,"Palantir",0.1700000000,23.75,USD,1.21611,,"EUR",3.32,"EUR",,,,,EOF630117787,,,
Market sell,2020-12-10 12:34:08,DE000PAH0038,PAH3,"Porsche Automobil Holding",0.2300000000,55.02,EUR,1.00000,0.64,"EUR",12.65,"EUR",,,,,EOF643694275,,,
Market sell,2020-12-10 12:34:40,US3682872078,OGZD,"Gazprom",1.5000000000,5.18,USD,1.20981,-0.22,"EUR",6.42,"EUR",,,,,EOF643694320,,,
Market buy,2020-12-10 12:35:18,XS2656472193,3LTS,"GraniteShares 3x Long Tesla",0.5400000000,41.12,USD,1.20875,,"EUR",18.37,"EUR",,,,,EOF643694361,,,
Dividend (Ordinary),2020-12-22 08:40:00,CA0679011084,GOLD,"Barrick Gold",5.3200000000,0.08,USD,Not available,,,0.33,"EUR",0.07,USD,,,,,,
Market sell,2020-12-22 11:08:28,IE00BKT6ZG93,2AME,"Leverage Shares 2x Advanced Micro Devices",2.0300000000,43.17,EUR,1.00000,13.58,"EUR",87.64,"EUR",,,,,EOF681228554,,,
Market sell,2020-12-22 11:08:52,XS2722161424,3LAP,"GraniteShares 3x Long Apple",11.0000000000,12.01,USD,1.22274,30.37,"EUR",108.08,"EUR",,,,,EOF681228570,,,
Market sell,2020-12-22 11:09:28,XS2856106302,3LNF,"GraniteShares 3x Long Netflix",18.0000000000,6.02,USD,1.22256,8.58,"EUR",88.56,"EUR",,,,,EOF681228614,,,
Market sell,2020-12-22 11:10:05,XS2656472193,3LTS,"GraniteShares 3x Long Tesla",5.0000000000,59.30,USD,1.22242,80.56,"EUR",242.55,"EUR",,,,,EOF681228658,,,
Market sell,2020-12-22 11:14:28,XS2656472193,3LTS,"GraniteShares 3x Long Tesla",0.3000000000,59.40,USD,1.22222,4.86,"EUR",14.58,"EUR",,,,,EOF681229195,,,
Market sell,2020-12-22 11:15:29,IE00BKT6ZG93,2AME,"Leverage Shares 2x Advanced Micro Devices",0.4000000000,43.15,EUR,1.00000,2.67,"EUR",17.26,"EUR",,,,,EOF681229291,,,
Market buy,2020-12-22 11:16:38,XS2712624779,3LAZ,"GraniteShares 3x Long AstraZeneca",4.0000000000,356.33,GBX,91.19104,,"EUR",15.63,"EUR",,,,,EOF681229384,,,
Market buy,2020-12-22 11:21:12,IE00B7XD2195,3SIL,"WisdomTree Silver 3x Leveraged",45.0000000000,3.84,USD,1.22243,,"EUR",141.21,"EUR",,,,,EOF681229725,,,
Market buy,2020-12-22 11:21:43,IE00B8HGT870,3GOL,"WisdomTree Gold 3x Leveraged",8.0000000000,44.20,USD,1.22242,,"EUR",289.26,"EUR",,,,,EOF681229769,,,
Market buy,2020-12-22 11:23:07,IE00B8JVMZ80,3HCL,"WisdomTree Copper 3x Leveraged",6.0000000000,19.56,USD,1.22256,,"EUR",95.97,"EUR",,,,,EOF681229890,,,
Market buy,2020-12-22 11:55:08,XS2656471039,3STS,"GraniteShares 3x Short Tesla",1200.0000000000,0.02,USD,1.22388,,"EUR",16.08,"EUR",,,,,EOF682082464,,,
Market sell,2020-12-22 14:41:50,XS2656472193,3LTS,"GraniteShares 3x Long Tesla",0.4400000000,54.60,USD,1.22186,5.41,"EUR",19.66,"EUR",,,,,EOF685148356,,,
Market buy,2020-12-29 08:37:58,XS2734938835,3LNV,"GraniteShares 3x Long NVIDIA",2.0000000000,10.52,USD,1.22587,,"EUR",17.16,"EUR",,,,,EOF709721737,,,
Market buy,2020-12-29 15:51:28,US69608A1088,PLTR,"Palantir",0.1900000000,25.35,USD,1.22557,,"EUR",3.93,"EUR",,,,,EOF715951090,,,
Market sell,2021-01-04 08:01:09,XS2656471039,3STS,"GraniteShares 3x Short Tesla",1200.0000000000,0.01,USD,1.22620,-3.26,"EUR",12.82,"EUR",,,,,EOF733962757,,,
Market buy,2021-01-04 08:03:21,XS2656472193,3LTS,"GraniteShares 3x Long Tesla",0.2100000000,73.00,USD,1.22640,,"EUR",12.50,"EUR",,,,,EOF733964331,,,
Deposit,2021-01-04 08:47:50,,,,,,,,,,500.00,"EUR",,,,"Transaction ID: 1839097500698016",578047f5-3a67-4a73-b7c2-a44261b0b7d2,,,
Market buy,2021-01-04 08:48:41,IE00B7XD2195,3SIL,"WisdomTree Silver 3x Leveraged",28.0000000000,4.38,USD,1.22803,,"EUR",99.89,"EUR",,,,,EOF733975531,,,
Market buy,2021-01-04 08:49:28,IE00B8HGT870,3GOL,"WisdomTree Gold 3x Leveraged",5.0000000000,48.31,USD,1.22819,,"EUR",196.67,"EUR",,,,,EOF733975608,,,
Market buy,2021-01-04 08:51:55,XS2656472193,3LTS,"GraniteShares 3x Long Tesla",1.0000000000,74.17,USD,1.22804,,"EUR",60.40,"EUR",,,,,EOF733975929,,,
Market buy,2021-01-04 08:53:17,XS2675292218,3LZN,"GraniteShares 3x Long Amazon",10.0000000000,7.40,USD,1.22817,,"EUR",60.26,"EUR",,,,,EOF733976103,,,
Market buy,2021-01-04 08:53:33,XS2722161424,3LAP,"GraniteShares 3x Long Apple",5.0000000000,12.74,USD,1.22816,,"EUR",51.87,"EUR",,,,,EOF733976141,,,
Market buy,2021-01-04 14:31:16,US69608A1088,PLTR,"Palantir",1.5000000000,24.00,USD,1.23076,,"EUR",29.25,"EUR",,,,,EOF735281288,,,
Market sell,2021-01-04 15:07:31,US8964385046,TRIB,"Trinity Biotech",20.0000000000,3.73,USD,1.22818,13.59,"EUR",60.74,"EUR",,,,,EOF740528441,,,
Market buy,2021-01-04 15:09:15,XS2656472193,3LTS,"GraniteShares 3x Long Tesla",0.8800000000,83.64,USD,1.22750,,"EUR",59.96,"EUR",,,,,EOF740531641,,,
Market buy,2021-01-04 15:13:41,US69608A1088,PLTR,"Palantir",0.1500000000,23.13,USD,1.22597,,"EUR",2.83,"EUR",,,,,EOF741539969,,,
Market sell,2021-01-15 13:46:50,XS2722161424,3LAP,"GraniteShares 3x Long Apple",8.0000000000,11.11,USD,1.21266,0.24,"EUR",73.30,"EUR",,,,,EOF835752556,,,
Market buy,2021-01-15 13:47:29,IE00B7XD2195,3SIL,"WisdomTree Silver 3x Leveraged",15.0000000000,3.11,USD,1.21233,,"EUR",38.43,"EUR",,,,,EOF835752719,,,
Market sell,2021-01-15 13:48:42,XS2712624779,3LAZ,"GraniteShares 3x Long AstraZeneca",20.0000000000,380.36,GBX,88.98444,-13.59,"EUR",85.49,"EUR",,,,,EOF835752833,,,
Market buy,2021-01-15 13:51:47,IE00BK5C1C97,2BAE,"Leverage Shares 2x Alibaba",0.3500000000,18.26,EUR,1.00000,,"EUR",6.39,"EUR",,,,,EOF835753297,,,
Market buy,2021-01-15 13:55:26,IE00BK5C1C97,2BAE,"Leverage Shares 2x Alibaba",2.0000000000,18.26,EUR,1.00000,,"EUR",36.52,"EUR",,,,,EOF835754221,,,
Market buy,2021-01-15 14:10:52,CA89788C1041,TCNNF,"Trulieve Cannabis",1.0000000000,47.51,USD,1.21106,,"EUR",39.23,"EUR",,,,,EOF835757024,,,
Market sell,2021-01-15 14:19:08,XS2675292309,3LAL,"GraniteShares 3x Long Alphabet",5.0000000000,8.21,USD,1.21091,-3.64,"EUR",33.90,"EUR",,,,,EOF835759153,,,
Market sell,2021-01-15 14:19:33,XS2856106302,3LNF,"GraniteShares 3x Long Netflix",4.5000000000,5.02,USD,1.21092,-1.33,"EUR",18.67,"EUR",,,,,EOF835759221,,,
Market buy,2021-01-15 14:21:29,IE00BKT6ZG93,2AME,"Leverage Shares 2x Advanced Micro Devices",1.2500000000,40.99,EUR,1.00000,,"EUR",51.24,"EUR",,,,,EOF835759604,,,
Market buy,2021-01-15 14:31:13,US26853E1029,EH,"EHang",1.0000000000,48.89,USD,1.21104,,"EUR",40.37,"EUR",,,,,EOF835768733,,,
Market sell,2021-01-15 14:32:02,US26853E1029,EH,"EHang",1.0000000000,47.65,USD,1.21154,-1.04,"EUR",39.33,"EUR",,,,,EOF837032915,,,
Market sell,2021-01-15 14:32:50,IE00BKT6ZG93,2AME,"Leverage Shares 2x Advanced Micro Devices",0.1000000000,41.08,EUR,1.00000,0.09,"EUR",4.11,"EUR",,,,,EOF837040977,,,
Market buy,2021-01-15 14:33:11,US26853E1029,EH,"EHang",1.0000000000,49.20,USD,1.21122,,"EUR",40.62,"EUR",,,,,EOF837042020,,,
Market buy,2021-01-15 14:33:30,IE00BKT6ZG93,2AME,"Leverage Shares 2x Advanced Micro Devices",0.0500000000,41.12,EUR,1.00000,,"EUR",2.06,"EUR",,,,,EOF837042640,,,
Dividend (Ordinary),2021-01-19 09:12:25,CA98462Y1007,AUY,"Yamana Gold",13.5000000000,0.02,USD,Not available,,,0.25,"EUR",0.05,USD,,,,,,
Market sell,2021-01-25 15:16:41,XS2734938835,3LNV,"GraniteShares 3x Long NVIDIA",5.0000000000,11.90,USD,1.21230,1.71,"EUR",49.08,"EUR",,,,,EOF886137442,,,
Market buy,2021-01-25 15:17:10,XS2656472193,3LTS,"GraniteShares 3x Long Tesla",0.4100000000,138.91,USD,1.21177,,"EUR",47.00,"EUR",,,,,EOF886138822,,,
Market sell,2021-01-25 15:17:53,XS2675292218,3LZN,"GraniteShares 3x Long Amazon",8.0000000000,7.57,USD,1.21192,5.28,"EUR",49.97,"EUR",,,,,EOF886140373,,,
Market buy,2021-01-25 15:18:22,XS2656472193,3LTS,"GraniteShares 3x Long Tesla",0.4300000000,138.30,USD,1.21170,,"EUR",49.08,"EUR",,,,,EOF886141241,,,
Deposit,2021-01-25 15:45:25,,,,,,,,,,17.11,"EUR",,,,,55d5e94a-858f-464c-b7e6-6d39ccba27e2,,,
Market buy,2021-01-25 15:46:14,CA09228F1036,BB,"BlackBerry",1.1500000000,20.49,USD,1.21211,,"EUR",19.44,"EUR",,,,,EOF887241062,,,
Market sell,2021-01-26 11:56:22,XS2734938835,3LNV,"GraniteShares 3x Long NVIDIA",7.0000000000,11.50,USD,1.21368,0.03,"EUR",66.35,"EUR",,,,,EOF892844064,,,
Market sell,2021-01-26 11:57:22,IE00B8JVMZ80,3HCL,"WisdomTree Copper 3x Leveraged",5.0000000000,20.50,USD,1.21387,4.44,"EUR",84.42,"EUR",,,,,EOF892844166,,,
Market buy,2021-01-26 11:58:11,IE00BKT6ZG93,2AME,"Leverage Shares 2x Advanced Micro Devices",3.3000000000,43.74,EUR,1.00000,,"EUR",144.34,"EUR",,,,,EOF892844216,,,
Market buy,2021-01-26 11:59:40,IE00BKT6ZG93,2AME,"Leverage Shares 2x Advanced Micro Devices",0.1600000000,43.74,EUR,1.00000,,"EUR",7.00,"EUR",,,,,EOF892844303,,,
Limit sell,2021-01-26 12:21:40,IE00B7XD2195,3SIL,"WisdomTree Silver 3x Leveraged",80.0000000000,3.33,USD,1.21466,-18.41,"EUR",219.32,"EUR",,,,,EOF892846619,,,
Market buy,2021-01-26 12:22:05,XS2662640627,3LMS,"GraniteShares 3x Long Microsoft",38.0000000000,6.70,USD,1.21431,,"EUR",209.79,"EUR",,,,,EOF892846661,,,
Limit sell,2021-01-26 12:24:06,IE00B8HGT870,3GOL,"WisdomTree Gold 3x Leveraged",18.0000000000,41.80,USD,1.21462,-23.40,"EUR",619.45,"EUR",,,,,EOF892846819,,,
Market buy,2021-01-26 12:24:39,XS2662640627,3LMS,"GraniteShares 3x Long Microsoft",80.0000000000,6.72,USD,1.21432,,"EUR",442.45,"EUR",,,,,EOF892846899,,,
Market buy,2021-01-26 12:25:52,IE00BKT6ZG93,2AME,"Leverage Shares 2x Advanced Micro Devices",4.0000000000,44.24,EUR,1.00000,,"EUR",176.96,"EUR",,,,,EOF892847026,,,
Market buy,2021-01-26 12:26:38,XS2662640627,3LMS,"GraniteShares 3x Long Microsoft",1.7000000000,6.72,USD,1.21420,,"EUR",9.41,"EUR",,,,,EOF892847100,,,
Market sell,2021-01-26 20:59:21,US69608A1088,PLTR,"Palantir",4.4800000000,35.46,USD,1.21695,39.58,"EUR",130.54,"EUR",,,,,EOF901138715,,,
Market buy,2021-01-26 20:59:45,US36467W1099,GME,"GameStop",1.0000000000,145.00,USD,1.21644,,"EUR",119.20,"EUR",,,,,EOF901139975,,,
Market buy,2021-01-27 09:36:55,XS2656472193,3LTS,"GraniteShares 3x Long Tesla",0.1000000000,138.10,USD,1.21246,,"EUR",11.39,"EUR",,,,,EOF901170187,,,
Market sell,2021-01-27 12:37:11,IE00B8HGT870,3GOL,"WisdomTree Gold 3x Leveraged",3.0000000000,40.81,USD,1.21181,-6.11,"EUR",101.03,"EUR",,,,,EOF901843868,,,
Market sell,2021-01-27 12:37:19,IE00B7XD2195,3SIL,"WisdomTree Silver 3x Leveraged",40.0000000000,3.23,USD,1.21187,-12.39,"EUR",106.48,"EUR",,,,,EOF901843897,,,
Market buy,2021-01-27 12:38:35,XS2656472193,3LTS,"GraniteShares 3x Long Tesla",1.8000000000,131.76,USD,1.21141,,"EUR",195.78,"EUR",,,,,EOF901844033,,,
Market buy,2021-01-27 12:39:41,XS2656472193,3LTS,"GraniteShares 3x Long Tesla",0.1000000000,131.34,USD,1.21164,,"EUR",10.84,"EUR",,,,,EOF901844184,,,
Market sell,2021-01-27 12:45:06,IE00BK5C1C97,2BAE,"Leverage Shares 2x Alibaba",2.3500000000,20.78,EUR,1.00000,5.91,"EUR",48.82,"EUR",,,,,EOF901844858,,,
Market buy,2021-01-27 12:45:47,XS2656472193,3LTS,"GraniteShares 3x Long Tesla",0.1700000000,129.20,USD,1.21075,,"EUR",18.14,"EUR",,,,,EOF901844949,,,
Market sell,2021-01-27 12:58:31,IE00B8JVMZ80,3HCL,"WisdomTree Copper 3x Leveraged",1.0000000000,19.99,USD,1.21078,0.52,"EUR",16.51,"EUR",,,,,EOF901846392,,,
Market sell,2021-01-27 13:03:05,XS2675292218,3LZN,"GraniteShares 3x Long Amazon",20.0000000000,7.52,USD,1.21082,12.45,"EUR",124.18,"EUR",,,,,EOF901847006,,,
Market buy,2021-01-27 13:21:22,IE00BKT6ZG93,2AME,"Leverage Shares 2x Advanced Micro Devices",4.0000000000,40.65,EUR,1.00000,,"EUR",162.60,"EUR",,,,,EOF901849787,,,
Market buy,2021-01-27 13:22:05,IE00BKT6ZG93,2AME,"Leverage Shares 2x Advanced Micro Devices",0.2400000000,40.76,EUR,1.00000,,"EUR",9.78,"EUR",,,,,EOF901849869,,,
Market sell,2021-01-27 13:57:27,CA89788C1041,TCNNF,"Trulieve Cannabis",1.0000000000,42.11,USD,1.21144,-4.47,"EUR",34.76,"EUR",,,,,EOF901857508,,,
Market sell,2021-01-27 14:28:21,XS2662640627,3LMS,"GraniteShares 3x Long Microsoft",30.0000000000,7.26,USD,1.21071,13.94,"EUR",179.77,"EUR",,,,,EOF901867548,,,
Market sell,2021-01-27 14:28:44,IE00BKT6ZG93,2AME,"Leverage Shares 2x Advanced Micro Devices",3.0000000000,40.81,EUR,1.00000,-5.09,"EUR",122.43,"EUR",,,,,EOF901867808,,,
Market sell,2021-01-27 14:30:02,CA98462Y1007,AUY,"Yamana Gold",13.5000000000,4.83,USD,1.21063,-16.73,"EUR",53.86,"EUR",,,,,EOF901868985,,,
Market buy,2021-01-27 14:33:21,US36467W1099,GME,"GameStop",0.5000000000,300.00,USD,1.20909,,"EUR",124.06,"EUR",,,,,EOF903395946,,,
Market sell,2021-01-27 14:33:47,US26853E1029,EH,"EHang",1.0000000000,80.99,USD,1.20916,26.36,"EUR",66.98,"EUR",,,,,EOF903397443,,,
Market sell,2021-01-27 14:36:10,XS2662640627,3LMS,"GraniteShares 3x Long Microsoft",89.7000000000,6.89,USD,1.20876,15.10,"EUR",510.92,"EUR",,,,,EOF903403919,,,
Market sell,2021-01-27 14:41:02,IE00BKT6ZG93,2AME,"Leverage Shares 2x Advanced Micro Devices",10.1700000000,37.72,EUR,1.00000,-48.68,"EUR",383.61,"EUR",,,,,EOF903415974,,,
Market sell,2021-01-27 14:55:34,CA09228F1036,BB,"BlackBerry",1.1500000000,21.31,USD,1.20721,0.86,"EUR",20.30,"EUR",,,,,EOF904586359,,,
Market buy,2021-01-27 14:56:01,US36467W1099,GME,"GameStop",1.0000000000,275.00,USD,1.20682,,"EUR",227.87,"EUR",,,,,EOF904586998,,,
Market buy,2021-01-27 15:13:21,US36467W1099,GME,"GameStop",1.0000000000,251.48,USD,1.20735,,"EUR",208.29,"EUR",,,,,EOF904600126,,,
Market buy,2021-01-27 15:28:15,XS2656472193,3LTS,"GraniteShares 3x Long Tesla",0.1000000000,135.00,USD,1.20643,,"EUR",11.19,"EUR",,,,,EOF904608195,,,
Market buy,2021-01-27 15:37:39,US36467W1099,GME,"GameStop",0.5000000000,286.90,USD,1.20820,,"EUR",118.73,"EUR",,,,,EOF904611419,,,
Market buy,2021-01-27 16:17:00,XS2656472193,3LTS,"GraniteShares 3x Long Tesla",4.0000000000,137.00,USD,1.20915,,"EUR",453.21,"EUR",,,,,EOF905771644,,,
Market buy,2021-01-27 16:17:32,US00165C3025,AMC,"AMC Entertainment",16.0000000000,16.15,USD,1.20917,,"EUR",213.70,"EUR",,,,,EOF905772827,,,
Market buy,2021-01-27 16:18:25,XS2656472193,3LTS,"GraniteShares 3x Long Tesla",0.1300000000,136.46,USD,1.20929,,"EUR",14.67,"EUR",,,,,EOF905774807,,,
Market sell,2021-01-27 18:28:31,US00165C3025,AMC,"AMC Entertainment",16.0000000000,15.92,USD,1.21156,-3.46,"EUR",210.24,"EUR",,,,,EOF909263902,,,
Market buy,2021-01-27 18:30:26,US69608A1088,PLTR,"Palantir",6.1000000000,39.78,USD,1.21104,,"EUR",200.37,"EUR",,,,,EOF909265694,,,
Market buy,2021-01-27 19:05:32,US83406F1021,SOFI,"SoFi Technologies",0.7000000000,18.52,USD,1.21158,,"EUR",10.70,"EUR",,,,,EOF910451141,,,
Market sell,2021-01-27 19:55:08,US69608A1088,PLTR,"Palantir",6.1000000000,41.41,USD,1.21012,8.37,"EUR",208.74,"EUR",,,,,EOF911854942,,,
Market buy,2021-01-27 19:56:04,US36467W1099,GME,"GameStop",0.7400000000,321.00,USD,1.20965,,"EUR",196.37,"EUR",,,,,EOF911856393,,,
Market sell,2021-01-27 19:57:01,US83406F1021,SOFI,"SoFi Technologies",0.7000000000,18.13,USD,1.21097,-0.22,"EUR",10.48,"EUR",,,,,EOF911857684,,,
Market buy,2021-01-27 19:58:45,CA09228F1036,BB,"BlackBerry",1.0000000000,26.49,USD,1.21014,,"EUR",21.89,"EUR",,,,,EOF911859938,,,
Market sell,2021-01-27 20:28:49,CA09228F1036,BB,"BlackBerry",1.0000000000,25.11,USD,1.21012,-1.14,"EUR",20.75,"EUR",,,,,EOF913440300,,,
Market buy,2021-01-27 20:29:32,CA4433003064,HEOFF,"H2O Innovation",9.0000000000,2.64,USD,1.20977,,"EUR",19.64,"EUR",,,,,EOF913440760,,,
Market buy,2021-01-27 20:29:59,CA4433003064,HEOFF,"H2O Innovation",1.0000000000,2.64,USD,1.21100,,"EUR",2.18,"EUR",,,,,EOF913441018,,,
Market sell,2021-01-28 08:11:43,XS2656472193,3LTS,"GraniteShares 3x Long Tesla",9.3300000000,100.03,USD,1.21068,-173.30,"EUR",770.86,"EUR",,,,,EOF916550073,,,
Market buy,2021-01-28 08:15:21,XS2656472193,3LTS,"GraniteShares 3x Long Tesla",3.0000000000,102.85,USD,1.21023,,"EUR",254.94,"EUR",,,,,EOF916550803,,,
Market buy,2021-01-28 08:24:18,DE0007472060,WDI,"Wirecard",40.0000000000,0.54,EUR,1.00000,,"EUR",21.60,"EUR",,,,,EOF916552832,,,
Market buy,2021-01-28 15:55:51,XS2656472193,3LTS,"GraniteShares 3x Long Tesla",4.8000000000,116.00,USD,1.21222,,"EUR",459.32,"EUR",,,,,EOF923076287,,,
Market buy,2021-01-28 15:56:10,XS2656472193,3LTS,"GraniteShares 3x Long Tesla",0.3500000000,116.00,USD,1.21230,,"EUR",33.49,"EUR",,,,,EOF923076972,,,
Market sell,2021-01-29 10:02:18,XS2656472193,3LTS,"GraniteShares 3x Long Tesla",8.1500000000,105.26,USD,1.21134,-39.54,"EUR",708.21,"EUR",,,,,EOF929430048,,,
Market buy,2021-01-29 10:03:03,US36467W1099,GS2C,"GameStop",1.9000000000,345.85,EUR,1.00000,,"EUR",657.12,"EUR",,,,,EOF929430121,,,
Withdrawal,2021-02-01 05:09:30,,,,,,,,,,-53.09,"EUR",,,,,057d17f2-fa2b-4aa9-9edb-f17a44d73f44,,,
Deposit,2021-02-01 05:10:21,,,,,,,,,,53.09,"EUR",,,,,6d5e6d1d-dc63-4404-80bd-f3ee6e27c9fd,,,
Market buy,2021-02-01 08:35:40,IE00B8JG1787,3SIS,"WisdomTree Silver 3x Short",5.0000000000,3.53,USD,1.21119,,"EUR",14.56,"EUR",,,,,EOF942197346,,,
Limit buy,2021-02-01 08:37:56,IE00B8JG1787,3SIS,"WisdomTree Silver 3x Short",12.0000000000,3.39,USD,1.21107,,"EUR",33.59,"EUR",,,,,EOF942197569,,,
Limit buy,2021-02-01 08:42:02,IE00B8JG1787,3SIS,"WisdomTree Silver 3x Short",1.0000000000,3.33,USD,1.21090,,"EUR",2.75,"EUR",,,,,EOF942198041,,,
Market buy,2021-02-01 10:23:23,IE00B8JG1787,3SIS,"WisdomTree Silver 3x Short",0.7000000000,3.59,USD,1.20817,,"EUR",2.08,"EUR",,,,,EOF942212930,,,
Market sell,2021-02-02 12:43:32,IE00B8JG1787,3SIS,"WisdomTree Silver 3x Short",18.7000000000,4.40,USD,1.20354,15.40,"EUR",68.38,"EUR",,,,,EOF954464423,,,
Market sell,2021-02-02 12:45:59,US36467W1099,GS2C,"GameStop",0.5300000000,123.02,EUR,1.00000,-118.10,"EUR",65.20,"EUR",,,,,EOF954464812,,,
Market buy,2021-02-02 12:46:57,US36467W1099,GS2C,"GameStop",1.0000000000,123.08,EUR,1.00000,,"EUR",123.08,"EUR",,,,,EOF954464906,,,
Market sell,2021-02-02 12:48:09,US36467W1099,GS2C,"GameStop",0.1000000000,123.02,EUR,1.00000,-12.89,"EUR",12.30,"EUR",,,,,EOF954464997,,,
Market buy,2021-02-02 12:48:34,US36467W1099,GS2C,"GameStop",0.1750000000,123.94,EUR,1.00000,,"EUR",21.69,"EUR",,,,,EOF954465023,,,
Deposit,2021-02-02 15:55:43,,,,,,,,,,125.00,"EUR",,,,"Transaction ID: 1729122813422962",85d3bf02-c633-4d5a-98d9-52cd03cbd9d8,,,
Market buy,2021-02-02 15:55:59,US36467W1099,GME,"GameStop",1.5000000000,87.81,USD,1.20232,,"EUR",109.55,"EUR",,,,,EOF960603124,,,
Market buy,2021-02-02 15:56:31,US36467W1099,GS2C,"GameStop",0.2100000000,74.99,EUR,1.00000,,"EUR",15.75,"EUR",,,,,EOF960604052,,,
Deposit,2021-02-02 15:57:32,,,,,,,,,,100.00,"EUR",,,,"Transaction ID: 1349122814523099",b1d699a6-fe55-4033-aa09-61b466dc7fd1,,,
Market buy,2021-02-02 15:57:48,US36467W1099,GME,"GameStop",1.0000000000,92.35,USD,1.20263,,"EUR",76.79,"EUR",,,,,EOF960606419,,,
Market buy,2021-02-02 15:58:04,US36467W1099,GS2C,"GameStop",0.3000000000,75.99,EUR,1.00000,,"EUR",22.80,"EUR",,,,,EOF960606755,,,
Limit sell,2021-02-02 16:01:12,CA4433003064,HEOFF,"H2O Innovation",10.0000000000,2.42,USD,1.20278,-1.70,"EUR",20.12,"EUR",,,,,EOF960610086,,,
Market buy,2021-02-02 16:01:43,US36467W1099,GS2C,"GameStop",0.1450000000,79.28,EUR,1.00000,,"EUR",11.50,"EUR",,,,,EOF960610440,,,
Market buy,2021-02-02 16:02:49,US36467W1099,GS2C,"GameStop",0.1200000000,77.68,EUR,1.00000,,"EUR",9.32,"EUR",,,,,EOF960611388,,,
Deposit,2021-02-03 07:24:47,,,,,,,,,,700.00,"EUR",,,,"Bank Transfer",ed35b2ca-d806-429f-b746-1113b8dd72e3,,,
Limit buy,2021-02-03 12:13:50,IE00B6X4BP29,3GOS,"WisdomTree Gold 3x Short",27.0000000000,29.47,USD,1.20098,,"EUR",662.53,"EUR",,,,,EOF966019449,,,
Limit sell,2021-02-03 13:27:49,IE00B6X4BP29,3GOS,"WisdomTree Gold 3x Short",27.0000000000,29.16,USD,1.20179,-7.41,"EUR",655.12,"EUR",,,,,EOF967182162,,,
Market buy,2021-02-03 14:57:59,XS2675292218,3LZN,"GraniteShares 3x Long Amazon",60.0000000000,7.83,USD,1.20245,,"EUR",390.60,"EUR",,,,,EOF967964089,,,
Market buy,2021-02-03 14:59:20,XS2675292218,3LZN,"GraniteShares 3x Long Amazon",30.0000000000,7.88,USD,1.20244,,"EUR",196.65,"EUR",,,,,EOF967966187,,,
Market sell,2021-02-03 15:58:09,US36467W1099,GS2C,"GameStop",1.0000000000,83.05,EUR,1.00000,-119.67,"EUR",83.05,"EUR",,,,,EOF969979354,,,
Market sell,2021-02-03 15:58:32,US36467W1099,GS2C,"GameStop",1.0000000000,80.90,EUR,1.00000,-121.83,"EUR",80.90,"EUR",,,,,EOF969980267,,,
Market sell,2021-02-03 16:02:46,US36467W1099,GS2C,"GameStop",1.2200000000,81.08,EUR,1.00000,-148.40,"EUR",98.92,"EUR",,,,,EOF970787262,,,
Market buy,2021-02-03 18:05:09,US36467W1099,GME,"GameStop",3.3000000000,106.20,USD,1.20255,,"EUR",291.43,"EUR",,,,,EOF971428275,,,
Market sell,2021-02-04 16:46:54,US36467W1099,GME,"GameStop",3.0000000000,63.15,USD,1.19745,-260.85,"EUR",158.21,"EUR",,,,,EOF981234216,,,
Market sell,2021-02-04 18:24:53,US36467W1099,GME,"GameStop",3.5000000000,58.30,USD,1.19670,-318.39,"EUR",170.51,"EUR",,,,,EOF981734755,,,
Market sell,2021-02-04 18:25:15,US36467W1099,GME,"GameStop",2.0000000000,58.44,USD,1.19668,-181.70,"EUR",97.67,"EUR",,,,,EOF981735242,,,
Withdrawal,2021-02-04 18:34:00,,,,,,,,,,-503.80,"EUR",,,,"Sent to card *9466",848e11a0-f0e3-430e-9d98-a2a73ea807bd,,,
Limit sell,2021-02-05 15:33:55,US36467W1099,GME,"GameStop",1.0000000000,73.00,USD,1.20283,-79.00,"EUR",60.69,"EUR",,,0.00,,EOF990808133,,,"EUR"
Market sell,2021-02-05 15:38:57,US36467W1099,GME,"GameStop",1.0000000000,73.00,USD,1.20283,-78.99,"EUR",60.69,"EUR",,,,,EOF991083095,,,
Market sell,2021-02-05 15:39:03,US36467W1099,GME,"GameStop",0.0400000000,72.01,USD,1.20518,-3.20,"EUR",2.39,"EUR",,,,,EOF991083702,,,
Market buy,2021-02-05 15:40:48,US26853E1029,EH,"EHang",1.0000000000,76.29,USD,1.20217,,"EUR",63.46,"EUR",,,,,EOF991092909,,,
Market buy,2021-02-05 15:55:13,CA89788C1041,TCNNF,"Trulieve Cannabis",1.0000000000,46.15,USD,1.20213,,"EUR",38.39,"EUR",,,,,EOF991417093,,,
Market buy,2021-02-05 15:55:35,US83406F1021,SOFI,"SoFi Technologies",1.0000000000,23.62,USD,1.20203,,"EUR",19.65,"EUR",,,,,EOF991418611,,,
Market buy,2021-02-05 16:35:33,US34959E1091,FTNT,"Fortinet",0.0160000000,155.47,USD,1.20170,,"EUR",2.07,"EUR",,,,,EOF992259052,,,
Market sell,2021-02-09 11:31:02,XS2675292218,3LZN,"GraniteShares 3x Long Amazon",30.0000000000,7.39,USD,1.21032,-12.65,"EUR",183.10,"EUR",,,,,EOF1010263432,,,
Market buy,2021-02-09 11:32:02,IE00B6X4BP29,3GOS,"WisdomTree Gold 3x Short",6.0000000000,28.96,USD,1.21002,,"EUR",143.60,"EUR",,,,,EOF1010263526,,,
Market buy,2021-02-09 11:44:09,IE00B6X4BP29,3GOS,"WisdomTree Gold 3x Short",0.4500000000,28.90,USD,1.21089,,"EUR",10.74,"EUR",,,,,EOF1010264658,,,
Market buy,2021-02-09 12:10:14,IE00B6X4BP29,3GOS,"WisdomTree Gold 3x Short",1.1500000000,29.01,USD,1.21006,,"EUR",27.57,"EUR",,,,,EOF1010266860,,,
Market sell,2021-02-10 14:20:12,IE00B6X4BP29,3GOS,"WisdomTree Gold 3x Short",7.6000000000,28.42,USD,1.21364,-3.94,"EUR",177.97,"EUR",,,,,EOF1021638511,,,
Market buy,2021-02-10 14:28:13,CA89788C1041,TCNNF,"Trulieve Cannabis",4.0000000000,53.31,USD,1.21361,,"EUR",175.69,"EUR",,,,,EOF1021640734,,,
Market buy,2021-02-10 14:56:56,CA4433003064,HEOFF,"H2O Innovation",1.0000000000,2.58,USD,1.21126,,"EUR",2.13,"EUR",,,,,EOF1023331193,,,
Market sell,2021-02-11 16:02:14,XS2675292218,3LZN,"GraniteShares 3x Long Amazon",10.0000000000,7.13,USD,1.21327,-6.50,"EUR",58.75,"EUR",,,,,EOF1035680482,,,
Market buy,2021-02-11 16:02:53,CA98980M1095,ZOM,"Zomedica",25.0000000000,2.78,USD,1.21291,,"EUR",57.30,"EUR",,,,,EOF1035681527,,,
Market sell,2021-02-11 16:04:32,XS2675292218,3LZN,"GraniteShares 3x Long Amazon",8.0000000000,7.12,USD,1.21319,-5.23,"EUR",46.97,"EUR",,,,,EOF1036634458,,,
Market buy,2021-02-11 16:04:44,CA48213Y1079,JUSHF,"Jushi",7.0000000000,7.79,USD,1.21285,,"EUR",44.96,"EUR",,,,,EOF1036634567,,,
Market buy,2021-02-11 16:05:08,CA98980M1095,ZOM,"Zomedica",2.0000000000,2.75,USD,1.21145,,"EUR",4.54,"EUR",,,,,EOF1036634912,,,
Market sell,2021-02-11 16:06:28,XS2675292218,3LZN,"GraniteShares 3x Long Amazon",10.0000000000,7.12,USD,1.21291,-6.54,"EUR",58.71,"EUR",,,,,EOF1036636043,,,
Market buy,2021-02-11 16:06:40,CA48213Y1079,JUSHF,"Jushi",8.0000000000,7.79,USD,1.21268,,"EUR",51.39,"EUR",,,,,EOF1036636417,,,
Market buy,2021-02-11 16:06:47,CA48213Y1079,JUSHF,"Jushi",1.0000000000,7.79,USD,1.21339,,"EUR",6.42,"EUR",,,,,EOF1036636533,,,
Market sell,2021-02-11 18:59:01,CA98980M1095,ZOM,"Zomedica",15.0000000000,2.69,USD,1.21316,-1.10,"EUR",33.26,"EUR",,,,,EOF1039158905,,,
Market buy,2021-02-11 19:07:27,US69608A1088,PLTR,"Palantir",1.1000000000,33.60,USD,1.21259,,"EUR",30.48,"EUR",,,,,EOF1039164621,,,
Market buy,2021-02-11 19:07:48,CA4433003064,HEOFF,"H2O Innovation",1.0000000000,2.42,USD,1.21000,,"EUR",2.00,"EUR",,,,,EOF1039165134,,,
Market sell,2021-02-16 17:27:46,US26853E1029,EH,"EHang",1.0000000000,115.29,USD,1.21102,31.74,"EUR",95.20,"EUR",,,,,EOF1059325162,,,
Market buy,2021-02-16 17:28:06,US69608A1088,PLTR,"Palantir",3.9000000000,28.72,USD,1.21050,,"EUR",92.53,"EUR",,,,,EOF1059325296,,,
Stop sell,2021-02-16 17:49:38,US69608A1088,PLTR,"Palantir",5.0000000000,28.41,USD,1.21068,-5.68,"EUR",117.33,"EUR",,,0.00,,EOF1060244901,,,"EUR"
Market buy,2021-02-17 15:21:16,CA1366351098,CSIQ,"Canadian Solar",1.0000000000,55.82,USD,1.20327,,"EUR",46.39,"EUR",,,,,EOF1067898932,,,
Market buy,2021-02-17 15:22:24,CA1366351098,CSIQ,"Canadian Solar",1.0000000000,55.60,USD,1.20294,,"EUR",46.22,"EUR",,,,,EOF1067901072,,,
Market buy,2021-02-17 15:24:52,XS2722161424,3LAP,"GraniteShares 3x Long Apple",3.0000000000,11.22,USD,1.20300,,"EUR",27.97,"EUR",,,,,EOF1067904878,,,
Stop sell,2021-02-17 16:11:02,CA1366351098,CSIQ,"Canadian Solar",2.0000000000,54.30,USD,1.20292,-2.33,"EUR",90.28,"EUR",,,0.00,,EOF1068614440,,,"EUR"
Market buy,2021-02-18 14:38:54,CA2483561072,DNN,"Denison Mines",30.0000000000,1.44,USD,1.20771,,"EUR",35.77,"EUR",,,,,EOF1075717493,,,
Market buy,2021-02-18 14:52:20,CA2483561072,DNN,"Denison Mines",10.0000000000,1.31,USD,1.20626,,"EUR",10.86,"EUR",,,,,EOF1077047066,,,
Market buy,2021-02-18 14:55:58,CA2926717083,UUUU,"Energy Fuels",3.0000000000,5.61,USD,1.20645,,"EUR",13.95,"EUR",,,,,EOF1077053018,,,
Market buy,2021-02-18 15:07:02,US8740391003,TSM,"Taiwan Semiconductor Manufacturing",0.1400000000,134.73,USD,1.20679,,"EUR",15.63,"EUR",,,,,EOF1077070516,,,
Market buy,2021-02-18 15:07:17,US8740391003,TSM,"Taiwan Semiconductor Manufacturing",0.0100000000,134.59,USD,1.20169,,"EUR",1.12,"EUR",,,,,EOF1077070826,,,
Market buy,2021-02-18 15:25:02,CA13321L1085,CCJ,"Cameco",1.0000000000,17.50,USD,1.20606,,"EUR",14.51,"EUR",,,,,EOF1077801573,,,
Market sell,2021-02-19 11:50:45,XS2675292218,3LZN,"GraniteShares 3x Long Amazon",16.0000000000,7.50,USD,1.21371,-5.53,"EUR",98.87,"EUR",,,,,EOF1083250752,,,
Market buy,2021-02-19 11:51:08,XS2656472193,3LTS,"GraniteShares 3x Long Tesla",1.2000000000,95.21,USD,1.21312,,"EUR",94.18,"EUR",,,,,EOF1083250767,,,
Market sell,2021-02-19 17:18:48,CA2483561072,DNN,"Denison Mines",40.0000000000,1.22,USD,1.21362,-6.42,"EUR",40.21,"EUR",,,,,EOF1088211795,,,
Market buy,2021-02-19 17:29:41,CA1366351098,CSIQ,"Canadian Solar",0.5000000000,53.37,USD,1.21295,,"EUR",22.00,"EUR",,,,,EOF1088226686,,,
Market sell,2021-02-22 15:36:38,XS2675292218,3LZN,"GraniteShares 3x Long Amazon",16.0000000000,6.55,USD,1.21493,-18.14,"EUR",86.26,"EUR",,,,,EOF1094807984,,,
Market sell,2021-02-22 15:36:43,XS2722161424,3LAP,"GraniteShares 3x Long Apple",3.0000000000,10.25,USD,1.21505,-2.67,"EUR",25.30,"EUR",,,,,EOF1094808023,,,
Market sell,2021-02-22 15:37:14,XS2656472193,3LTS,"GraniteShares 3x Long Tesla",1.2000000000,75.57,USD,1.21488,-19.54,"EUR",74.64,"EUR",,,,,EOF1094808991,,,
Market buy,2021-02-22 15:38:55,IE00B7XD2195,3SIL,"WisdomTree Silver 3x Leveraged",15.0000000000,4.04,USD,1.21454,,"EUR",49.92,"EUR",,,,,EOF1094810399,,,
Market buy,2021-02-22 15:39:16,IE00B8JVMZ80,3HCL,"WisdomTree Copper 3x Leveraged",2.0000000000,30.70,USD,1.21463,,"EUR",50.55,"EUR",,,,,EOF1094810636,,,
Market buy,2021-02-22 15:39:46,JE00B2NFV134,LPLA,"WisdomTree Platinum 2x Leveraged",10.0000000000,4.60,USD,1.21458,,"EUR",37.84,"EUR",,,,,EOF1094811385,,,
Market buy,2021-02-22 15:40:55,IE00B8HGT870,3GOL,"WisdomTree Gold 3x Leveraged",2.0000000000,38.22,USD,1.21429,,"EUR",62.95,"EUR",,,,,EOF1094812372,,,
Market sell,2021-02-22 16:14:40,IE00B8HGT870,3GOL,"WisdomTree Gold 3x Leveraged",2.0000000000,38.20,USD,1.21481,-0.06,"EUR",62.89,"EUR",,,,,EOF1095351404,,,
Market buy,2021-02-23 08:35:39,JE00B2NFV134,LPLA,"WisdomTree Platinum 2x Leveraged",3.0000000000,4.53,USD,1.21529,,"EUR",11.18,"EUR",,,,,EOF1098316051,,,
Market buy,2021-02-23 15:36:37,IE00B7XD2195,3SIL,"WisdomTree Silver 3x Leveraged",2.0000000000,3.94,USD,1.21540,,"EUR",6.49,"EUR",,,,,EOF1102276813,,,
Market buy,2021-02-23 15:36:53,JE00B2NFV134,LPLA,"WisdomTree Platinum 2x Leveraged",3.0000000000,4.35,USD,1.21623,,"EUR",10.72,"EUR",,,,,EOF1102277174,,,
Withdrawal,2021-02-24 08:29:16,,,,,,,,,,-42.34,"EUR",,,,,6c2f8159-044e-479f-ac66-4845e8bee6a5,,,
Deposit,2021-03-03 14:25:22,,,,,,,,,,100.00,"EUR",,,,"Transaction ID: 4726147815228221",0d5ca17b-4df4-47c5-b776-986a99d16558,,,
Market buy,2021-03-03 14:29:44,JE00BDD9QB77,LNIK,"WisdomTree Nickel 2x Leveraged",1.0000000000,97.70,USD,1.20513,,"EUR",81.07,"EUR",,,,,EOF1135500182,,,
Market buy,2021-03-03 14:29:56,GB00B15KY211,NICK,"WisdomTree Nickel",1.0000000000,16.58,USD,1.20494,,"EUR",13.76,"EUR",,,,,EOF1135500199,,,
Market buy,2021-03-03 14:32:31,JE00B2NFV134,LPLA,"WisdomTree Platinum 2x Leveraged",1.0000000000,4.02,USD,1.20630,,"EUR",3.33,"EUR",,,,,EOF1135510983,,,
Market buy,2021-03-03 14:33:05,IE00B7XD2195,3SIL,"WisdomTree Silver 3x Leveraged",0.6200000000,3.36,USD,1.20236,,"EUR",1.73,"EUR",,,,,EOF1135511719,,,
Deposit,2021-03-03 14:35:34,,,,,,,,,,100.00,"EUR",,,,"Transaction ID: 1839147821341232",ba2da4a8-6059-4a8f-aa79-405fd26f4e04,,,
Market buy,2021-03-03 14:36:28,IE00B7XD2195,3SIL,"WisdomTree Silver 3x Leveraged",9.0000000000,3.32,USD,1.20531,,"EUR",24.82,"EUR",,,,,EOF1135517022,,,
Market buy,2021-03-03 14:37:40,IE00B8HGT870,3GOL,"WisdomTree Gold 3x Leveraged",2.0000000000,32.29,USD,1.20530,,"EUR",53.58,"EUR",,,,,EOF1135518390,,,
Market sell,2021-03-03 19:51:10,CA48213Y1079,JUSHF,"Jushi",16.0000000000,7.49,USD,1.20709,-3.49,"EUR",99.28,"EUR",,,,,EOF1138621783,,,
Market sell,2021-03-03 19:51:23,US83406F1021,SOFI,"SoFi Technologies",1.0000000000,17.45,USD,1.20677,-5.19,"EUR",14.46,"EUR",,,,,EOF1138621962,,,
Market buy,2021-03-04 12:31:36,IE00B8JG1787,3SIS,"WisdomTree Silver 3x Short",20.0000000000,4.81,USD,1.20319,,"EUR",80.02,"EUR",,,,,EOF1139580863,,,
Market buy,2021-03-04 12:32:55,IE00B8JG1787,3SIS,"WisdomTree Silver 3x Short",10.0000000000,4.81,USD,1.20330,,"EUR",39.99,"EUR",,,,,EOF1139580927,,,
Stop sell,2021-03-04 12:48:48,IE00B8JG1787,3SIS,"WisdomTree Silver 3x Short",25.0000000000,4.80,USD,1.20340,-0.21,"EUR",99.80,"EUR",,,,,EOF1139581581,,,
Market buy,2021-03-04 12:54:36,IE00B8JG1787,3SIS,"WisdomTree Silver 3x Short",25.0000000000,4.83,USD,1.20279,,"EUR",100.35,"EUR",,,,,EOF1139581837,,,
Market buy,2021-03-04 14:09:34,IE00B8JG1787,3SIS,"WisdomTree Silver 3x Short",3.5000000000,4.90,USD,1.20337,,"EUR",14.24,"EUR",,,,,EOF1140489026,,,
Limit sell,2021-03-08 10:10:46,IE00B8JG1787,3SIS,"WisdomTree Silver 3x Short",33.0000000000,5.26,USD,1.18767,13.64,"EUR",146.22,"EUR",,,,,EOF1152062996,,,
Market sell,2021-03-08 10:11:16,IE00B8JG1787,3SIS,"WisdomTree Silver 3x Short",0.5000000000,5.26,USD,1.18524,0.21,"EUR",2.22,"EUR",,,,,EOF1152063121,,,
Market buy,2021-03-09 11:55:00,IE00B8HGT870,3GOL,"WisdomTree Gold 3x Leveraged",5.0000000000,32.03,USD,1.19061,,"EUR",134.51,"EUR",,,,,EOF1158358546,,,
Market buy,2021-03-09 11:55:21,IE00B7XD2195,3SIL,"WisdomTree Silver 3x Leveraged",5.1000000000,3.17,USD,1.19050,,"EUR",13.58,"EUR",,,,,EOF1158358557,,,
Market sell,2021-03-09 12:26:24,IE00B8HGT870,3GOL,"WisdomTree Gold 3x Leveraged",5.0000000000,31.73,USD,1.19035,-1.07,"EUR",133.28,"EUR",,,,,EOF1158360089,,,
Market buy,2021-03-09 12:35:02,IE00B8HGT870,3GOL,"WisdomTree Gold 3x Leveraged",4.5000000000,31.84,USD,1.18924,,"EUR",120.48,"EUR",,,,,EOF1158360539,,,
Market buy,2021-03-09 12:35:10,IE00B8HGT870,3GOL,"WisdomTree Gold 3x Leveraged",0.4900000000,31.83,USD,1.18877,,"EUR",13.12,"EUR",,,,,EOF1158360544,,,
Market sell,2021-03-10 10:29:56,IE00B8HGT870,3GOL,"WisdomTree Gold 3x Leveraged",3.0000000000,32.22,USD,1.19010,0.82,"EUR",81.22,"EUR",,,,,EOF1163866816,,,
Market buy,2021-03-10 10:30:41,XS2656471039,3STS,"GraniteShares 3x Short Tesla",7000.0000000000,0.01,USD,1.18944,,"EUR",39.43,"EUR",,,,,EOF1163866862,,,
Market buy,2021-03-10 11:04:52,XS2656471039,3STS,"GraniteShares 3x Short Tesla",5000.0000000000,0.01,USD,1.18926,,"EUR",29.43,"EUR",,,,,EOF1163869423,,,
Market buy,2021-03-10 14:24:42,CA4339211035,HIVE,"Hive Digital Technologies Ltd",3.2000000000,4.40,USD,1.19120,,"EUR",11.82,"EUR",,,,,EOF1164741853,,,
Market sell,2021-03-12 15:35:42,XS2656471039,3STS,"GraniteShares 3x Short Tesla",12000.0000000000,0.01,USD,1.19239,0.58,"EUR",69.44,"EUR",,,,,EOF1185660647,,,
Market buy,2021-03-18 13:30:08,US69608A1088,PLTR,"Palantir",1.5000000000,24.73,USD,1.19123,,"EUR",31.14,"EUR",,,,,EOF1210751647,,,
Market sell,2021-03-18 16:00:30,IE00B8HGT870,3GOL,"WisdomTree Gold 3x Leveraged",3.9900000000,33.13,USD,1.19260,3.90,"EUR",110.84,"EUR",,,,,EOF1212961648,,,
Market buy,2021-03-25 14:26:07,US69608A1088,PLTR,"Palantir",4.0000000000,22.26,USD,1.18011,,"EUR",75.45,"EUR",,,,,EOF1232481535,,,
Market buy,2021-03-30 09:02:35,IE00B6X4BP29,3GOS,"WisdomTree Gold 3x Short",2.0000000000,36.49,USD,1.17463,,"EUR",62.13,"EUR",,,,,EOF1242513237,,,
Withdrawal,2021-03-30 09:03:20,,,,,,,,,,-12.78,"EUR",,,,,8507b3ae-1303-496e-924f-2cc3d11cef12,,,
Market sell,2021-03-30 09:19:06,GB00B15KY211,NICK,"WisdomTree Nickel",1.0000000000,15.19,USD,1.17478,-0.83,"EUR",12.93,"EUR",,,,,EOF1242514021,,,
Withdrawal,2021-03-30 09:19:31,,,,,,,,,,-12.93,"EUR",,,,,f4ce850c-40d1-411c-b528-fb42073590e1,,,
Market sell,2021-03-30 13:30:05,CA98980M1095,ZOM,"Zomedica",12.0000000000,1.51,USD,1.17281,-12.03,"EUR",15.45,"EUR",,,,,EOF1242779530,,,
Withdrawal,2021-03-30 14:52:33,,,,,,,,,,-15.45,"EUR",,,,,93af5af2-628a-42a7-a8d4-1b11844ccd2a,,,
Dividend (Return of capital non us),2021-04-22 08:09:07,US8740391003,TSM,"Taiwan Semiconductor Manufacturing",0.1500000000,0.35,USD,Not available,,,0.04,"EUR",0.00,USD,,,,,,
Market sell,2021-05-04 19:08:28,CA13321L1085,CCJ,"Cameco",1.0000000000,18.11,USD,1.20092,0.57,"EUR",15.06,"EUR",,,,,EOF1321779376,0.02,"EUR",
Market buy,2021-05-14 07:00:32,IE00B6X4BP29,3GOS,"WisdomTree Gold 3x Short",0.6000000000,28.45,USD,1.21063,,"EUR",14.12,"EUR",,,,,EOF1339296997,0.02,"EUR",
Market sell,2021-06-22 07:00:38,IE00B6X4BP29,3GOS,"WisdomTree Gold 3x Short",2.6000000000,30.38,USD,1.19029,-9.87,"EUR",66.26,"EUR",,,,,EOF1405825071,0.10,"EUR",
Market buy,2021-06-23 07:12:34,XS2819844387,3OIS,"WisdomTree WTI Crude Oil 3x Short",5.8000000000,12.82,USD,1.19217,,"EUR",62.46,"EUR",,,,,EOF1408204082,0.09,"EUR",
Dividend (Return of capital non us),2021-07-20 12:38:22,US8740391003,TSM,"Taiwan Semiconductor Manufacturing",0.1500000000,0.35,USD,Not available,,,0.04,"EUR",-0.00,USD,,,,,,
Market sell,2021-08-09 10:15:20,XS2819844387,3OIS,"WisdomTree WTI Crude Oil 3x Short",5.8000000000,15.23,USD,1.17606,12.74,"EUR",75.00,"EUR",,,,,EOF1487200391,0.11,"EUR",
Market sell,2021-08-09 10:33:28,IE00B8JVMZ80,3HCL,"WisdomTree Copper 3x Leveraged",2.0000000000,30.29,USD,1.17562,0.98,"EUR",51.45,"EUR",,,,,EOF1487201127,0.08,"EUR",
Market buy,2021-08-09 12:02:26,IE00BF03XH11,AMZE,"Leverage Shares 2x Amazon",1.4200000000,86.38,EUR,1.00000,,"EUR",122.66,"EUR",,,,,EOF1487204379,,,
Deposit,2021-08-10 05:05:26,,,,,,,,,,10.00,"EUR",,,,,c46a98f4-19bd-4f58-846c-5c458ecb2b56,,,
Withdrawal,2021-08-10 05:05:34,,,,,,,,,,-18.61,"EUR",,,,,4ba29da6-d6d0-4ab1-8430-00362fd4e09a,,,
Limit sell,2021-08-11 14:24:34,JE00BDD9QB77,LNIK,"WisdomTree Nickel 2x Leveraged",1.0000000000,110.00,USD,1.17320,12.69,"EUR",93.62,"EUR",,,,,EOF1492759311,0.14,"EUR",
Deposit,2021-08-13 07:53:12,,,,,,,,,,200.00,"EUR",,,,"Transaction ID: 1349288411921844",c7852930-739c-4ec8-aa3d-244780df5d08,,,
Market buy,2021-08-13 13:27:18,CA89788C1041,TCNNF,"Trulieve Cannabis",1.6113760000,31.42,USD,1.17688,,"EUR",43.08,"EUR",,,,,EOF1496646075,0.06,"EUR",
Market buy,2021-08-13 13:30:01,CA89788C1041,TCNNF,"Trulieve Cannabis",8.3886240000,31.41,USD,1.17685,,"EUR",224.23,"EUR",,,,,EOF1496646277,0.34,"EUR",
Market buy,2021-08-13 14:19:20,IE00BF03XH11,AMZE,"Leverage Shares 2x Amazon",0.2500000000,83.61,EUR,1.00000,,"EUR",20.90,"EUR",,,,,EOF1497218789,,,
Market buy,2021-08-13 14:19:40,IE00BF03XH11,AMZE,"Leverage Shares 2x Amazon",0.0500000000,83.56,EUR,1.00000,,"EUR",4.18,"EUR",,,,,EOF1497218825,,,
Deposit,2021-08-18 06:33:44,,,,,,,,,,500.00,"EUR",,,,"Transaction ID: 6129292684231621",7ef89b04-5410-44b7-9e84-0dafd5a19c21,,,
Market buy,2021-08-18 10:34:57,IE00BK5C1C97,2BAE,"Leverage Shares 2x Alibaba",10.0000000000,8.69,EUR,1.00000,,"EUR",86.88,"EUR",,,,,EOF1502461604,,,
Market buy,2021-08-18 10:37:20,IE00BF01VY89,GOOE,"Leverage Shares 2x Alphabet",1.0000000000,76.47,EUR,1.00000,,"EUR",76.47,"EUR",,,,,EOF1502461645,,,
Market buy,2021-08-18 10:40:02,IE00B7XD2195,3SIL,"WisdomTree Silver 3x Leveraged",20.0000000000,2.19,USD,1.17178,,"EUR",37.49,"EUR",,,,,EOF1502461718,0.06,"EUR",
Market buy,2021-08-18 10:40:22,IE00BF03XP94,FB2E,"Leverage Shares 2x Facebook",2.0000000000,35.97,EUR,1.00000,,"EUR",71.94,"EUR",,,,,EOF1502461726,,,
Market buy,2021-08-18 10:40:30,JE00B2NFV134,LPLA,"WisdomTree Platinum 2x Leveraged",11.0000000000,2.64,USD,1.17149,,"EUR",24.81,"EUR",,,,,EOF1502461736,0.04,"EUR",
Market buy,2021-08-18 10:43:21,XS2820604853,NVDE,"Leverage Shares 2x NVIDIA",0.8000000000,99.24,EUR,1.00000,,"EUR",79.39,"EUR",,,,,EOF1502461818,,,
Market buy,2021-08-18 10:51:31,IE00B7XD2195,3SIL,"WisdomTree Silver 3x Leveraged",4.2800000000,2.19,USD,1.17086,,"EUR",8.03,"EUR",,,,,EOF1502462022,0.01,"EUR",
Market buy,2021-08-18 13:20:27,CA89788C1041,TCNNF,"Trulieve Cannabis",5.0000000000,27.43,USD,1.17132,,"EUR",117.27,"EUR",,,,,EOF1503246681,0.18,"EUR",
Market sell,2021-08-18 13:22:23,CA89788C1041,TCNNF,"Trulieve Cannabis",1.0000000000,27.40,USD,1.17144,-6.51,"EUR",23.35,"EUR",,,,,EOF1503246726,0.04,"EUR",
Market buy,2021-08-18 15:03:24,CA89788C1041,TCNNF,"Trulieve Cannabis",0.8500000000,28.02,USD,1.17094,,"EUR",20.37,"EUR",,,,,EOF1503269870,0.03,"EUR",
Market sell,2021-08-18 18:10:57,US34959E1091,FTNT,"Fortinet",0.0160000000,296.83,USD,1.17266,1.98,"EUR",4.04,"EUR",,,,,EOF1503283187,0.01,"EUR",
Market buy,2021-08-19 13:44:06,US6833734014,OTRK,"Ontrak",0.4500000000,13.95,USD,1.16899,,"EUR",5.38,"EUR",,,,,EOF1503316091,0.01,"EUR",
Deposit,2021-09-02 06:13:25,,,,,,,,,,500.00,"EUR",,,,"Bank Transfer",e4dd8354-1714-46cd-b88f-454b8971e82c,,,
Market buy,2021-09-02 07:04:48,JE00B2NFTL95,LBUL,"WisdomTree Gold 2x Leveraged",2.5005690000,58.85,USD,1.18446,,"EUR",124.43,"EUR",,,,,EOF1525848092,0.19,"EUR",
Market buy,2021-09-02 07:04:52,JE00B2NFTF36,LCOP,"WisdomTree Copper 2x Leveraged",0.5199550000,11.19,USD,1.18445,,"EUR",4.92,"EUR",,,,,EOF1525848097,0.01,"EUR",
Market buy,2021-09-02 07:05:05,IE00BKM4GZ66,IS3N,"iShares Core MSCI EM IMI (Acc)",9.3470310000,31.58,EUR,1.00000,,"EUR",295.17,"EUR",,,,,EOF1525848134,,,
Market buy,2021-09-02 07:06:35,IE00BKT6ZG93,2AME,"Leverage Shares 2x Advanced Micro Devices",1.3281910000,55.12,EUR,1.00000,,"EUR",73.21,"EUR",,,,,EOF1525848232,,,
Market buy,2021-09-02 13:30:11,US69608A1088,PLTR,"Palantir",0.1282660000,26.24,USD,1.18510,,"EUR",2.84,"EUR",,,,,EOF1527167348,,,
Deposit,2021-09-13 06:54:27,,,,,,,,,,200.00,"EUR",,,,"Bank Transfer",f638c248-9548-445c-92e9-b77b1e625f80,,,
Market buy,2021-09-13 07:05:01,JE00B2NFTL95,LBUL,"WisdomTree Gold 2x Leveraged",0.6056340000,57.09,USD,1.17804,,"EUR",29.39,"EUR",,,,,EOF1541423718,0.04,"EUR",
Market buy,2021-09-13 07:05:01,JE00B2NFTF36,LCOP,"WisdomTree Copper 2x Leveraged",5.0177080000,11.92,USD,1.17804,,"EUR",50.83,"EUR",,,,,EOF1541423721,0.08,"EUR",
Market buy,2021-09-13 07:05:14,IE00BK5BZY66,2TSE,"Leverage Shares 2x Tesla",0.0522072000,357.42,EUR,1.00000,,"EUR",18.66,"EUR",,,,,EOF1541423757,,,
Market buy,2021-09-13 07:05:14,IE00BK5C1C97,2BAE,"Leverage Shares 2x Alibaba",0.1899700000,7.79,EUR,1.00000,,"EUR",1.48,"EUR",,,,,EOF1541423761,,,
Market buy,2021-09-13 13:33:26,US8740391003,TSM,"Taiwan Semiconductor Manufacturing",0.0288693000,122.94,USD,1.17913,,"EUR",3.01,"EUR",,,,,EOF1541439414,,,
Market buy,2021-09-13 13:33:43,BMG162581083,BEP,"Brookfield Renewable Partners",1.6600450000,39.77,USD,1.17913,,"EUR",56.07,"EUR",,,,,EOF1541441723,0.08,"EUR",
Market buy,2021-09-13 13:33:57,CA1366351098,CSIQ,"Canadian Solar",0.1043450000,36.50,USD,1.17913,,"EUR",3.23,"EUR",,,,,EOF1541443984,,,
Market buy,2021-09-13 13:34:23,CA87971M1032,TU,"TELUS",0.9460500000,23.22,USD,1.17913,,"EUR",18.66,"EUR",,,,,EOF1541446186,0.03,"EUR",
Market buy,2021-09-13 13:34:31,US09075V1026,BNTX,"BioNTech",0.0643937000,341.14,USD,1.17913,,"EUR",18.66,"EUR",,,,,EOF1541447075,0.03,"EUR",
Deposit,2021-09-17 15:37:14,,,,,,,,,,300.00,"EUR",,,,"Transaction ID: 1829318930330323",947083f3-6973-4731-8cf9-12edfb4bb25f,,,
Market buy,2021-09-17 16:58:02,NL0015000F41,LILM,"Lilium",29.0000000000,11.49,USD,1.17244,,"EUR",284.63,"EUR",,,,,EOF1550627964,0.43,"EUR",
Market buy,2021-09-17 17:22:40,NL0015000F41,LILM,"Lilium",1.0000000000,11.04,USD,1.17197,,"EUR",9.43,"EUR",,,,,EOF1550629355,0.01,"EUR",
Deposit,2021-09-21 06:19:33,,,,,,,,,,10.00,"EUR",,,,,fe0025bc-8bb0-44d6-8a68-79b4925ef1f3,,,
Withdrawal,2021-09-21 06:19:50,,,,,,,,,,-15.94,"EUR",,,,,19d0ab52-cbde-4f8d-8a6c-7c05ab7be1a5,,,
Deposit,2021-10-07 06:54:58,,,,,,,,,,1000.00,"EUR",,,,"Bank Transfer",217b32a8-03cc-4e52-adc1-c45bd60457e7,,,
Withdrawal,2021-10-07 15:34:50,,,,,,,,,,-1000.00,"EUR",,,,,54058cf4-68b4-4a56-87c1-6a79bc671660,,,
Deposit,2021-10-07 15:48:54,,,,,,,,,,100.00,"EUR",,,,,569d1f7c-e899-4826-a885-8f15468b0a68,,,
Deposit,2021-10-07 22:04:05,,,,,,,,,,900.00,"EUR",,,,,daf2a5af-6482-4f6e-a1a4-89fbe38f816d,,,
Withdrawal,2021-10-08 13:29:06,,,,,,,,,,-900.00,"EUR",,,,,8702ca39-0e9b-48a1-82c4-f3dc3398d4b3,,,
Dividend (Ordinary),2021-10-15 09:53:18,US8740391003,TSM,"Taiwan Semiconductor Manufacturing",0.1788693000,0.39,USD,Not available,,,0.06,"EUR",0.02,USD,,,,,,